target_on_template,totalScore,peptideScore,fa_atr1,fa_atr2,fa_atr3,fa_atr4,fa_atr5,fa_atr6,fa_atr7,fa_atr8,fa_atr9,fa_rep1,fa_rep2,fa_rep3,fa_rep4,fa_rep5,fa_rep6,fa_rep7,fa_rep8,fa_rep9,fa_sol1,fa_sol2,fa_sol3,fa_sol4,fa_sol5,fa_sol6,fa_sol7,fa_sol8,fa_sol9,fa_intra_sol_xover41,fa_intra_sol_xover42,fa_intra_sol_xover43,fa_intra_sol_xover44,fa_intra_sol_xover45,fa_intra_sol_xover46,fa_intra_sol_xover47,fa_intra_sol_xover48,fa_intra_sol_xover49,lk_ball_wtd1,lk_ball_wtd2,lk_ball_wtd3,lk_ball_wtd4,lk_ball_wtd5,lk_ball_wtd6,lk_ball_wtd7,lk_ball_wtd8,lk_ball_wtd9,fa_intra_rep1,fa_intra_rep2,fa_intra_rep3,fa_intra_rep4,fa_intra_rep5,fa_intra_rep6,fa_intra_rep7,fa_intra_rep8,fa_intra_rep9,fa_elec1,fa_elec2,fa_elec3,fa_elec4,fa_elec5,fa_elec6,fa_elec7,fa_elec8,fa_elec9,hbond_bb_sc1,hbond_bb_sc2,hbond_bb_sc3,hbond_bb_sc4,hbond_bb_sc5,hbond_bb_sc6,hbond_bb_sc7,hbond_bb_sc8,hbond_bb_sc9,hbond_sc1,hbond_sc2,hbond_sc3,hbond_sc4,hbond_sc5,hbond_sc6,hbond_sc7,hbond_sc8,rama_prepro2,rama_prepro3,rama_prepro4,rama_prepro5,rama_prepro6,rama_prepro7,rama_prepro8,omega1,omega2,omega3,omega4,omega5,omega6,omega7,omega8,p_aa_pp2,p_aa_pp3,p_aa_pp4,p_aa_pp5,p_aa_pp6,p_aa_pp7,p_aa_pp8,fa_dun1,fa_dun2,fa_dun3,fa_dun4,fa_dun5,fa_dun6,fa_dun7,fa_dun8,fa_dun9,sasa1,sasa2,sasa3,sasa4,sasa5,sasa6,sasa7,sasa8,sasa9,hydro_sasa1,hydro_sasa2,hydro_sasa3,hydro_sasa4,hydro_sasa5,hydro_sasa6,hydro_sasa7,hydro_sasa8,hydro_sasa9
7RE8_on_1A1M,-590.0064299394973,-16.793242265198224,-8.58156084907095,-8.452390897980754,-6.6933404864798245,-3.142315211968701,-8.673415744509802,-2.8497875285137564,-9.593144439025437,-3.635287364238714,-8.16590895302669,2.7570389067503864,1.2600952134425132,1.240691013965797,0.5900794186967382,2.7971550538388765,0.3075116849114162,2.4313351135936183,0.33840128405118747,1.825726155665367,4.665942669152777,3.5159354743538773,4.640429970943765,1.7715459533102937,2.6332424034724653,1.2053431637119827,5.300286654521617,2.6475878529291608,4.925572009481719,0.60879766262361,0.03899400130579693,0.5788620210617639,0.3307226578402475,0.33933568004916087,0.07949790790847147,0.38343596917173106,0.27186934657832923,0.17712968214086322,0.09844654548859942,0.27607835419413784,-0.09342529528393197,-0.1738701323652934,-0.5997959120574903,-0.2382703830237641,-0.7116521836268264,-0.0008514175568385407,0.19519206440111375,5.739739618248496,0.8180685268150522,1.025038481091319,3.74136890603276,7.862374669369135,5.329373538886318,9.11296778419407,1.0209729040407596,13.115809916466073,-3.294365809388113,-3.439643173072263,-1.349933144673369,0.18515778294824398,-0.8522629900742973,0.5128294549409236,0.1834572526530792,-1.6781335482211026,-6.351467926765039,-2.7001020992314784,-1.5262526377290815,-0.3749470466735651,0.0,0.0,0.0,0.0,-0.3381105670142919,-2.1265944702497626,0.0,0.0,-1.2368757906395509,0.0,0.0,0.0,-0.34376210144209396,0.0,-0.3901474628867983,-0.4455950103170953,2.395910568594345,2.5599013784452342,-0.40533404543185114,-0.7295326501753514,-0.7703164608808521,0.2755219844287424,-0.002847216426477052,0.0045483949953710745,0.22605703316297454,0.09203656427991895,-0.18665439013896562,-0.054540504086107056,-0.13013899339057056,0.08220207650975521,-0.09899843538937725,0.30892559328257424,-0.2928603854466134,-0.7391451611406649,-0.3917565467114977,-0.002131348339012158,2.4606398148023048,2.021382525280623,2.60337452388214,2.140294221781307,4.945568437106841,0.31325778792922715,2.82892085990326,4.598737554545602,0.8802608087475853,16.001954284173802,3.648901689502816,4.8200176175910165,124.01650318065398,39.57669826727853,103.74663709893673,6.320225072416356,87.51662645916898,4.523505570224421,15.393804002589999,0.0,0.7696902001295027,59.26614540997146,32.27889488827291,103.13848681735291,3.0787608005179967,20.011945203366984,3.8484510006474997
7RE8_on_1B0G,-636.7469502833239,-24.834426640866788,-9.326508083748555,-9.750171973999871,-6.834392777256677,-3.346997346476244,-7.1489555435450525,-4.7425951936593735,-7.187666572071857,-3.4296935079136666,-8.290871171412515,2.935551537629522,1.645693593478118,0.46622814644807425,0.24575534477032163,1.0120315852774622,1.3461348191277431,2.0349250253908022,0.2689884608397326,2.368631089172702,5.150048965648045,4.56942232486364,5.29010269597363,2.137383150457652,3.1879226523443354,0.6061234734647198,2.7248228850613327,2.5749587749289526,4.195692475020109,0.5480512280141665,0.0616455118736588,0.37310301794551776,0.1990983364092152,0.2194703561635813,0.10641961925710736,0.3610185516675703,0.24723119798718413,0.2617103663406996,-0.0054937776080005996,0.14751861114227158,-0.1980443429093052,-0.12815543766092252,-0.6012548772422022,-0.38022176862615514,-0.28006356637301416,-0.11798397768168047,0.009868223629985151,5.730146982858999,38.14099009280703,1.415885806044507,1.9062335354994697,4.222310914851557,7.923823768216417,5.970886111005499,0.9888908497448424,30.653802983984768,-3.154859057550963,-3.180752950243305,-1.0881148064855832,0.18331252028107092,-0.5444172218211355,-0.03921327143873522,-0.5893949109964973,-1.4647318443207713,-6.566267267852459,-2.8334245694301305,-1.791295630525358,-2.788626402289559,0.0,-0.8414437651723385,0.0,0.0,-0.28755547123476394,-2.2925340468790116,0.0,0.0,0.0,0.0,0.0,0.0,-0.9174378211549576,0.0,-0.33591545233322717,-0.45670900397469183,-0.6202996245127235,-0.7504976891824306,-0.3053219254141077,-0.25048766990935956,-0.13494240868639457,-0.07589631626508334,-0.007423846894071315,-0.10887801141479402,-0.09182941206509636,0.1314545303905875,-0.06963872476912197,-0.01316370420074284,0.05434450460196236,0.2144211829345246,-0.07862173579707259,-0.09490458278461641,-0.3829219016802908,-0.7983236422726255,-0.5683798342153006,0.16223837999543103,3.3243395678449086,2.0826925412090267,3.3062503962585628,2.2644392393206005,2.434868883820308,1.7550095898996132,3.761658702646378,3.393196804094144,1.73166567772782,18.37792917255541,4.021238596594942,5.87361470937825,143.64195491744044,67.85626813734267,71.45125854550608,23.186505187272246,84.15589802171769,5.387831400906505,17.702874602978493,1.5886374702597348,3.8484510006474997,66.19335721113694,65.42366701100745,42.332961007122464,20.011945203367002,24.630086404143988,5.387831400906505
7RE8_on_1OF2,-614.3335550452036,-21.5494176762213,-9.104548542950418,-9.139791598739365,-6.159408237127479,-3.071502392548178,-5.010246224876917,-4.7697720243993595,-5.611338267166967,-3.1282083674672303,-8.108297573391818,3.6568590284685225,1.3086387827087833,0.5112684711216202,0.3649841981962715,0.18945019902714938,0.5099750572721644,0.7808151712301283,0.13972992346477908,2.6703976454352922,5.1685226620312665,4.667274982460814,4.939619965875549,2.0676065513698827,2.391778792703613,0.7389982550493264,1.0489394189163739,2.6107726710604435,5.192018361538554,0.5591345653315137,0.0471050559647844,0.2801496248230603,0.23221781560465357,0.25644010576816856,0.06919479524377646,0.28427976966356755,0.2474973155856188,0.24744071074350882,-0.5577821898741668,0.16321348524059237,-0.5258239764241495,-0.13786473108747707,-0.5378052368771322,-0.45234189459799046,-0.3806880561694168,-0.11810662734742788,0.39292284959731255,5.149396658829321,6.223095323438798,0.8710387810232119,2.139339383306928,4.933108447756092,4.130423957631325,4.733438610733844,1.0620085649756676,9.890456469685125,-2.9348371051122992,-3.7972358041285483,-1.3252798815402915,0.04692634693406003,-0.27424525436241765,0.05847858691621993,0.035077116983003635,-1.5489352131704113,-6.925669022645772,-1.4238510766359433,-1.5641326816490018,-2.4124006707062167,-0.7003917254792431,-0.5606991133876669,0.0,0.0,-0.35428925782686277,-1.7623425488703588,0.0,0.0,0.0,0.0,0.0,0.0,0.0,0.0,-0.31741349247455547,-0.43680826120128075,-0.1478451488101541,-0.31546222552537256,0.006111952272457699,-0.0018439637795724662,-0.7164153770755921,0.2566346910231814,0.11137907727666707,0.05813193040939964,0.17443015711543336,0.03311038478403226,0.07185936764059594,0.012706646354647341,-0.019154399219391764,0.28700306594400965,0.4242365166877969,-0.21222924171688953,-0.4406198534142347,0.19755514432065543,-0.4450458929147113,-0.026735305310831275,2.588731637732932,2.001034384278984,4.6137209265548,1.915805976190174,2.364588595058658,0.20821391739214523,1.9102766343770343,3.8027634059216675,2.0819188615969915,18.472564803107982,3.7854252221032594,14.59870956557035,147.3946067347007,85.12203472543277,47.69344891641437,63.744854196061354,83.43255600950226,4.456601282231304,18.472564803107982,3.177274940519455,6.157521601035993,73.12056901230243,72.35087881217292,29.248227604920963,46.181412007769964,19.24225500323748,3.8484510006474997
7RE8_on_1QEW,-636.2034267454801,-23.774465478964594,-8.603489454028704,-9.776719910612279,-6.5745217343324605,-3.3754541791425092,-5.344858043757398,-5.050956973082531,-7.734511343430588,-3.547322885076473,-8.963939305505196,1.2186256368624364,1.4483635771271306,0.3253174691794397,0.3063491956228073,0.7139673384406018,1.2570739970661993,2.2291540311006255,0.1753945472879196,2.8156316529198784,6.097818180436998,4.744118185220773,5.3797266515879265,2.4093536243653704,2.6832643755740313,0.8936885225125395,2.159226757348714,2.5998142457383073,4.763708008603293,0.20110596061659797,0.06669846909113182,0.3742335488685772,0.2167570398795948,0.24408294122518565,0.08491939560257905,0.3841612564425376,0.24769254726491213,0.2840326378819982,-0.15177721548972942,0.05069685811586013,0.04393742767439743,-0.1483828878645942,-0.7757264475905044,-0.17050750330678716,-0.3136083491369397,-0.1823348129661137,0.25500030707871274,4.679330285535138,21.32135172451885,1.3113766072191015,2.292004573138392,6.147270408488649,8.101136058761575,6.204232200664812,1.0150941887109277,26.496260019965636,-3.4797741971956393,-3.1654506977490477,-1.7365920929726106,0.4379745511983358,-0.20443306869512382,0.0650840350219194,-0.7732354708092606,-1.7617769192360175,-6.296621922635277,-2.9744618185881917,-1.8881604203111544,-1.5997809100351352,0.0,0.0,0.0,0.0,-0.35394722559050085,-2.163617287273084,0.0,0.0,-2.3285794956114696,0.0,0.0,0.0,-0.7797906551192091,0.0,-0.5412854315551298,-0.7650069981280699,-0.12834820708039466,-0.4226505488247584,-1.0100925083660512,0.2547900275226582,0.44794526212047087,-0.1453664186995166,0.1741681883466084,0.023072471306830822,0.338357417721069,-0.04453790300270944,-0.07783577191025903,-0.11744320170587974,-0.029469449912383445,0.14180110901499735,0.152331148066308,-0.14002499174901978,0.13845306095779789,-1.1508521846120228,-0.2545887230074212,-0.09566236002811693,3.4417956032486394,2.0228173587538256,3.554061842638649,1.5637904182263322,4.046070783585727,1.389787478342888,4.036513872900499,3.7100936123152324,1.806791414748834,46.181412007769964,1.402469016713672,5.388994953741159,133.69222070276564,100.14524715018263,53.24398378870124,36.28384374518258,81.03796427576606,0.7696902001295027,46.181412007769964,0.7943187351298674,1.5393804002590055,71.58118861204343,94.67189461592841,31.557298205309472,27.708847204661986,22.321015803755493,0.7696902001295027
7RE8_on_1S9W,-633.9892085048754,-26.714322824058424,-9.282127190165278,-9.333860073357178,-6.375491913986999,-2.5230053484477177,-5.180560474184457,-6.318435452189275,-6.6330105360191505,-3.7007050252281113,-8.4858173080417,3.2939052844990155,1.2903278662792563,1.0876489864833967,0.4051142037573707,0.6467994293151683,1.6374706307376214,1.3190515797295643,0.41048368341565633,2.6239570101781697,4.914697264437674,3.9780741799783756,5.013315909985865,1.5083588815685318,2.0570941380750294,1.7046802785188293,1.3966683616892994,2.6826371992176377,4.561444926044475,0.4686782135384892,0.031072612755593962,0.22234353450134825,0.1194716852640988,0.49563728667944634,0.06703342829509498,0.24427450870159428,0.28404064405445123,0.21079917355142336,0.08371932980698342,0.10472472236826531,-0.4230471992350623,-0.06619553942323433,-0.13047378070549198,-0.3335545904609688,-0.49279019665671686,-0.01513724957936292,0.21327627491822232,4.898314391718626,0.7371555623354393,0.8463806168192962,1.4227630299646346,5.03468757298583,11.573067130890998,4.759975556211401,1.25183689685258,29.32294570151314,-2.984818536879767,-2.9426828697635954,-0.4921196559613309,0.16648130800046812,-0.4991244430936802,-0.8590020913765299,-0.7932589562363431,-1.5896980334894615,-6.302207181787075,-2.824489363485192,-1.8682239124607993,-1.2126024898278707,0.0,0.0,-0.5482856194127231,0.0,-0.5815894143267759,-2.2481980002532986,0.0,0.0,0.0,0.0,0.0,0.0,-0.44933968903999744,0.0,-0.11793373393708732,-0.16323174548772942,-0.5886160653173784,-0.5251148191171569,-0.34178880415233,-0.8761784329642139,-0.990843047914437,-0.10355519208860692,0.004454709020996768,-0.08154416599527657,0.2950149583462337,0.12765788040488477,-0.14820140760251066,-0.09098567439511199,0.0011919627082951426,0.40748291804213604,0.6066140846689902,-0.09222297861137098,-0.6077925452920738,-1.2039002063014668,0.1702263102825842,0.011304084463851794,4.194461587913858,2.0594834480623945,2.1136279735224166,1.3131175934312413,1.6159328264385489,0.566461633135678,3.3662990057174142,4.013603014443107,0.749120740942387,26.16946680440298,6.40458265292942,11.261446110284755,174.23311641903481,96.17326562358843,13.816414209731994,67.14359202611162,104.473857620601,1.5393804002590055,26.16946680440298,1.5393804002590055,9.236282401554005,99.2900358167054,93.13251421566943,10.775662801812981,44.642031607510944,30.017917805050466,1.5393804002590055
7RE8_on_1SYS,-597.2315481181756,-5.478960568418408,-8.74871627276628,-8.803860164504423,-5.568615977583856,-4.333484208319673,-8.871352228958656,-3.871072069058332,-8.592687285663084,-4.061319828866289,-9.533079301660644,1.901194654082831,1.4275898939669478,1.6446561694273205,0.652600762461134,3.8997316668040765,0.22815013980955065,2.4784860087619247,0.27649607863417475,3.4544770130932587,5.115420648426455,3.503774487514321,3.16715922271905,3.016960756864213,2.45790042970001,0.7291105614172723,2.733052280145402,4.46563181621319,5.403230749128985,0.12817764682269087,0.0976122561285805,0.2167401701067426,0.12319582031150325,0.3774142848794813,0.0803462252183615,0.374545859717513,0.2875120486495596,0.28992717601506846,-0.27590470611612955,-0.30315797224613733,-0.34987296945390345,0.12214484664886072,-0.47497637670445836,-0.2593660988920934,-0.206945774389682,0.13127940393663592,0.15353211003779782,5.509167422188313,16.209491747001323,1.0412385361018361,1.7624233926231059,26.61576806793248,7.745900874215336,7.954929609030278,1.1930111908818959,34.60699416381464,-3.3229349075092594,-1.9906643020700518,-0.5519914015359748,0.34273750398572045,-0.07217622389880711,0.07781335954914731,0.45847581508879287,-3.0828944053483753,-5.806570979302209,-3.056304812158827,-1.1513570221096074,-0.9807339568133183,-1.8828841793697788,0.0,0.0,0.0,-0.32942918214058164,-1.9629240582087224,0.0,0.0,0.0,0.0,0.0,0.0,0.0,-0.8895477847717239,-0.1615335464342292,-0.06155688717247111,2.3586069731133184,6.738873087896243,3.888163803619182,0.6798621026623793,1.0858287708835965,-0.0789101291718134,0.3821007741952006,0.21272902188289883,0.9573869234174454,-0.04565701687098876,-0.17376210662831196,0.10737684423425756,0.35203079116443675,-0.04841305574350196,-0.2607737433114923,0.12791596513304715,0.11109559297162094,-0.8219205025282716,-0.5746652191624875,0.06526082085506592,4.467346749018459,2.514093608405692,4.726116537285175,1.502220699544755,6.4409471283617945,1.3453696596540914,2.436130299522557,4.996029724938764,2.1903212252840287,38.48451000647497,0.7696902001295027,46.29001027233849,100.28041320447596,24.29808599532018,81.30364217301407,10.614122883267298,83.72557739836486,1.4447447697064235,38.48451000647497,0.7696902001295027,0.7696902001295027,46.95110220789945,22.272922286589427,61.57521601035995,10.005972601683492,27.70884720466197,0.7696902001295027
7RE8_on_1UXS,-611.508278645868,-17.118985245958303,-9.274287533762939,-8.987253238396654,-5.317875443692801,-4.24011554339426,-7.3957076244975966,-4.000189068679202,-5.664378256266814,-3.6673132145902834,-8.234738723494125,3.744923425889738,0.9640496173668008,0.5335271341342713,0.37580457619636176,2.121177972280933,0.3970368859689079,1.1777306736533593,0.06723523154136624,2.1446167964514022,5.186392054777281,3.8170095030357203,4.409856878748677,2.3752553886517234,3.2186228396050867,0.8761296522345665,0.887420256020172,3.980008469222064,4.8800651414633,0.5509369027851833,0.03150918202839659,0.2480456361935835,0.1247153016382164,0.07035419482000599,0.12311188351215607,0.27200887470135215,0.5065878122196488,0.2378248431430698,-0.538211688398832,0.2667738864419487,-0.1909637352123688,-0.38271686051517145,0.17758472289336882,-0.2434431011628744,-0.19850088625335338,0.25476099553022824,0.05001183227928663,5.0185013002184755,0.7191652682008813,1.1821873748037108,1.6617607750684762,5.102324537635284,9.3507067423622,4.584447484977144,3.207614220220347,18.831420697801192,-2.9758408732278783,-3.4826490916756994,-1.502937645156704,-0.37480731212149077,0.24996783999531597,0.4224127944818748,0.18571678813510448,-3.0002963289951983,-6.061288313019901,-1.5098364982099821,-1.4572186051612541,-1.9142824902358606,-0.6738246218103623,0.0,0.0,0.0,-0.3745673117899154,-2.1599962852955126,0.0,0.0,0.0,0.0,0.0,0.0,0.0,-0.8563213057289463,-0.15832351472964087,-0.008770704611182928,0.09703396810843826,-0.11370560558755102,0.03156799584022443,-0.12052715874340618,-0.3819369457532811,0.4626223235704561,0.5272262430762823,0.0935450681524452,-0.06327404808079037,-0.035552860264916136,0.06847916914994978,-0.007963387214120342,0.2503003898450506,0.242701184767809,-0.06386155332064532,0.3502506412121198,-0.15095834322230797,-0.7834154271294291,-0.42212033930257453,0.17851506699639555,2.588071002792673,2.0201731168260597,3.884271570058512,1.8835102030453068,4.643856335243575,1.0026126568401923,2.2028462172133323,5.476832222045946,1.9842399011802485,10.775662801813011,2.14753068184281,37.03472317448501,110.33350969596333,26.094611572039682,77.15072818062978,86.1025219141087,69.64464884421952,3.8484510006475134,10.775662801813011,1.5393804002590055,7.648808484128933,45.31553477330833,16.1634942027195,50.79955320854695,49.21207929112188,23.090706003884996,3.8484510006475134
7RE8_on_1X7Q,-612.7360610680038,-16.950669999439253,-8.350406112276422,-9.1472842119284,-6.083242430012111,-3.1515946698123303,-8.8535319368528,-6.1909504446007455,-5.750710419331871,-4.460969372331731,-8.695482370957018,1.3265654497935448,1.1211833101177082,0.5479750658588514,0.2826619365020521,4.873084230443421,2.5083486338249785,0.961093190081385,0.30966561059184067,2.7947419397404762,6.3143502405919545,4.059325769339111,4.808881664142061,2.7700818854005647,3.8835766485087633,1.0022539653511662,2.0565248569807446,3.502519181555351,4.685232534483955,0.17769206437568139,0.031401335050572236,0.2584132906791236,0.11367978681981818,0.018795934537547195,0.0659579968443908,0.03424205513579865,0.24907819780960605,0.20335094126043374,-0.0849357980450375,0.1863870956571595,-0.12963020535005032,-0.13139510924299788,-0.2629582057608094,-0.058289698177532726,-0.23465226559049251,0.08872573587126759,0.36462638633179373,4.741456049281972,0.7836529795383526,1.2841720249529733,1.4328591728071818,5.663396104109624,6.085393375734903,4.176486136456394,1.1035910820690633,23.849561575252412,-3.448382048305622,-3.4980949063587956,-1.8030166241439343,-0.6188653315013494,-0.1679886425060845,0.14043304521566527,-0.22617350430034272,-1.3171363015515785,-6.1170064224549625,-2.900381585843112,-1.5623124486324937,-2.212872359339201,-0.6302753131260516,0.0,0.0,0.0,-0.4887378044180593,-2.227436450834824,0.0,0.0,0.0,0.0,0.0,0.0,0.0,0.0,-0.24652719930837816,-0.217682399955911,-0.24199207570930767,-0.9029659039593971,1.03091533789374,1.1368759103523387,-0.8177475128534808,-0.07027824950910172,0.32841582915939915,-0.04640877671824672,0.07656357529363703,-0.12207000344102417,0.18232465508670648,-0.09773232364969256,-0.04168621382229041,0.4024132726034943,-0.08390398251883499,-0.0038216450993101745,0.20062345172300022,2.295475819954381,0.23267277670633107,0.2458666853311591,3.7219175319554307,2.2444175104607407,4.092788706429689,1.216850904649566,2.3668410802240425,0.07276252334943636,3.2790444656349065,3.9908657062838624,1.1281693401719342,54.648004209194454,1.2163005631676092,25.954015604517895,135.71505730582706,32.31826175917902,15.213065462272365,105.7520204094782,72.03807702512107,0.0,54.648004209194454,0.0,2.309070600388494,79.2780906133384,8.466592201424515,11.497259484776432,63.11459641061896,23.86039620401449,0.0
7RE8_on_1XR8,-612.862236409148,-16.839483126696493,-8.678794690504652,-8.664554663483193,-5.48247435647887,-3.1762754727603664,-4.210425044956303,-4.74933301144003,-6.184481963346291,-4.289342882882389,-8.870354604467744,2.877665600409521,1.275508242274804,0.30364985791908544,0.43976401688775557,0.3540170801522653,0.6655529247162061,2.0562910259361042,0.9434902684039045,1.9182054742428907,4.226539687758595,3.751608426605201,4.332627336934109,2.1524408413836618,1.9168895796049654,0.681181985480656,2.2075037684317254,3.6264373538573254,5.289244300295717,0.42781996283138035,0.034159516831694936,0.3801469167430883,0.20431348812418035,0.5523290199554408,0.06931192687825452,0.3206188891398516,1.358924608260189,0.18607578787742218,-0.12598111986580746,0.15256207007154166,-0.6567359428262405,-0.19455443813569862,-0.49950805251061964,-0.1338751467441833,0.22751727232566554,-0.07195028601655523,0.008884824396295135,4.76172899463206,0.8767643596158802,1.0107405382087782,2.2715445725189496,5.388788945204008,4.059353599909284,6.455154270751049,2.6533732434036885,16.451752433339433,-2.716260968931687,-3.23114020980528,-0.5415731946340271,0.36462552750955085,0.1425183080533298,-0.022436681658316873,-1.8089556160087301,-1.9336196513050807,-5.933721556051933,-2.962274760236858,-1.6419497725383612,-1.058954607684867,0.0,0.0,0.0,-0.6199881474636679,-0.434043281905775,-1.6924937647746485,0.0,0.0,0.0,0.0,0.0,0.0,-1.0248611827700447,0.0,-0.3949528973730036,-0.6123901549968481,-0.27233496862507633,-0.37692600769632445,0.20100371649175086,0.3816239476771295,-0.4289856659944231,-0.07393174879629293,0.1837438820354783,0.09443518847107213,-0.03212660632351212,0.5915550661583006,0.03511738748619228,-0.010408267189578817,0.23489127554169265,0.14145117342567176,0.041238962487400464,0.10356568035942586,-0.8316500586574161,0.42708919111834936,0.26457352754623475,0.2508972934830143,4.590743596910162,2.195955090135749,3.2633638435319603,1.3328798897805354,1.5025313010305374,0.1524800224291769,3.510492266904515,4.653715155002672,0.5862603475091368,39.25420020660446,3.648901689502816,27.8948217327356,155.8449091964399,101.39955710594923,29.943838274576947,82.45187489535388,87.23155601467658,0.0,39.25420020660446,0.0,3.8484510006474997,79.2780906133384,97.75065541644642,12.988546367869372,65.42366701100744,21.55132560362599,0.0
7RE8_on_2X4U,-643.4320961273788,-21.247512072747973,-8.553404144318842,-10.18616167376582,-6.066919444687476,-2.9284328952814005,-4.000206674965705,-5.649722049979317,-6.6716841554152,-3.838081109409268,-8.683296944296037,1.346951506757609,1.597171208194103,0.6658148913683162,1.1403426127731424,1.387379011237425,0.9051113828627826,1.134731901719208,0.3929255901777545,3.060393758896629,6.437717440869241,4.762439019698849,4.16646345013622,1.7706882592346966,1.0053554766789767,1.2057857145859463,1.5472110086007842,2.7755582264164462,4.658514961829989,0.1916685067593671,0.05193633042550655,0.2549261879504684,0.14899130858960155,0.33781682879449143,0.07887476140882954,0.2446304846532348,0.29373221530989846,0.21594615087211652,-0.06410223648874525,0.0804130678777382,-0.6717722841218392,-0.09639936704975427,-0.3069533447051266,-0.5935545734727359,-0.07218187323248572,-0.004385091232773342,0.036769301313172575,4.919135368127512,28.800745949005094,1.17058109787007,1.7100804096163118,4.627487858164593,7.03055607929768,4.984790075574852,1.2943538631122327,26.95675042947274,-3.037428481024848,-3.0640496913670545,-1.077272999756065,0.18160575354143224,0.1850062736114083,-0.019976782884609738,-0.8844297623174967,-1.7865962185468955,-6.493501194278129,-2.9756567713147595,-1.7968322876103215,-1.9349854487704852,-0.7459502207445807,0.0,0.0,0.0,-0.4919089640871906,-2.2874977540611097,0.0,0.0,0.0,0.0,0.0,0.0,-1.3422839546374203,0.0,-0.20747500838912178,-0.2429617875433602,0.7927571157359181,1.2268198631685352,-0.07664429597602174,-0.7307361912340428,-0.6451533580381597,-0.2039795900755434,-0.009065496141171712,0.05340635404791723,0.004581622942480627,0.6333434358478579,-0.09704324395793126,-0.08249834170928459,0.03419328355108125,0.4205484706818447,0.18888875136145541,-0.16233258803238246,-0.21027991423247583,-1.1731909244782308,-0.32180509559384907,0.0035355240153001856,3.827008435612341,2.0253309643688433,4.2753018810291925,1.1444596878135778,3.2679721260649055,1.6016039757555212,2.433406080309689,3.92694973693241,0.7069429441760713,52.33893360880596,3.648901689502816,14.806597672030122,161.8515567799146,123.61682278194726,25.259180636751726,41.73547662652308,93.40051921858677,0.6081502815838046,52.33893360880596,0.0,2.309070600388508,69.27211801165494,113.1444594190364,11.545353001942498,26.939157004532483,26.16946680440298,0.0
7RE8_on_3KPQ,-626.3905386100204,-23.006038238016032,-8.680290417025658,-9.904449419722248,-5.900945642624508,-3.8559136259392415,-3.887443422351831,-4.567462970498579,-5.258748536030437,-3.4554949475890018,-8.339748154091199,1.458871174357116,2.1848054521639,0.44564450153526225,0.47786806267992726,0.3261281485802143,0.6721581193361394,0.4955739111604466,0.326015803280438,2.346156845550677,5.953205588899603,4.52509518227033,4.64103327085683,2.516913994171725,2.3078151936843696,0.8664561426760954,1.541193101877015,2.928663901695728,4.79852085894943,0.19277947359010045,0.05646879422234425,0.46247880947856446,0.2554537630155862,0.26550508212232676,0.08443796607459239,0.2731636368925368,0.2841055731993759,0.17683582450823493,-0.20037718091548826,-0.028785165112506363,-0.3438300063627615,-0.17917393338005666,-0.30313873060487434,-0.3787231790930574,-0.01857060778265765,-0.11876642611833282,0.15732042115872333,4.75095974025235,10.994810401541928,1.5988514385997707,2.6042541775039942,4.8694228367900205,4.988317401612807,5.075137875719508,1.324126253529154,12.541713955297274,-3.403506749099369,-3.3363299784782927,-0.2925550291524441,0.26768353204208073,-0.5038349594909743,0.09126708321984724,-0.5376742398721874,-1.74475319953764,-6.22038315719762,-2.9571579651169886,-1.6561808420747768,-1.8074882142482471,0.0,-0.7215851620296219,0.0,0.0,-0.34465819697519146,-2.115507648651297,0.0,0.0,0.0,0.0,0.0,0.0,-1.4314225449906677,0.0,-0.38105115997035666,-0.436094601112632,-0.46411272887695565,-0.6917065787771643,-0.1761082192067734,-0.17677478438356553,-0.6200353756963175,-0.1401856125216475,0.08171889827252289,-0.13337672524896993,0.9511177984352164,0.009352193064293357,-0.05608409279883599,0.21167237198578473,0.14155271620360163,0.18420788727591517,-0.6779695646780854,-0.12283384336307351,-0.4451969880526318,-0.11315994092001565,-0.5527595016399475,-0.05810039675148771,3.1990310857347817,1.9748834536056215,2.212239215379795,1.6157195199023733,2.2293815031451123,0.6803609234532881,2.1598337699455334,3.792972726211538,1.0957822791865306,40.793580606863465,1.2163005631676092,11.49822911213866,132.7807709822797,106.74937911425674,48.1689541748466,66.39562147889582,74.23311944771258,4.618141200777003,40.793580606863465,0.0,2.309070600388508,60.805525810230435,100.05972601683492,25.399776604273466,44.64203160751095,16.933184402848976,4.618141200777003
7RE8_on_3MRF,-598.7932441954849,-6.619433286546942,-8.290083881084518,-10.236745841587547,-6.983480937107913,-3.62366323865039,-6.933020004903209,-5.716309636906222,-5.218960310306025,-3.58191338230454,-8.065631500317222,1.3237605375426598,1.8302018601801946,0.6888250450279231,0.29929380355538426,1.4146957609216055,2.343362587350933,0.7887439127735495,0.27434926397513737,2.2205906753985025,5.7713383750668665,3.921769337258576,4.683217558418881,2.014939396854847,2.6810959874779243,1.846932823278455,1.0667923312670364,2.860809371070574,3.715506654601918,0.16129324653721963,0.058918370395560145,0.4250719957709601,0.22328448051472047,0.23969132420429548,0.20461071154161856,0.21013765180133348,0.2609362824723574,0.20717719951025132,-0.0580020847570196,-0.19267681543338183,0.07400878488812612,-0.15522272311762786,-0.05453254088103462,-0.41912680378968586,-0.3666038785100255,-0.1387181357378061,-0.046105354159332666,4.689166504058149,39.95924050318244,1.3615864962087703,2.283867403976987,4.456983450426328,26.913377495393327,4.1727482533966045,1.049699959747823,25.09188757626939,-3.6485900224725607,-1.94066615870122,-1.3356051993603597,0.4494150961244451,0.057785432399308764,0.4262417075425082,-0.10419350610646114,-1.6767564846042073,-5.598804748720657,-2.8595971327869636,-1.0930129988182729,-2.5552623895852156,0.0,-0.7870394220363206,0.0,0.0,-0.37512893407189507,-2.002398477218997,0.0,0.0,0.0,0.0,0.0,0.0,0.0,0.0,-0.3963673704684924,-0.38319837062462475,-0.4751266720290724,-0.0229362817033813,11.576022401955116,10.655051434805197,-0.8110187745952588,-0.00040979105750199585,0.06559916499571186,-0.13284781370095103,0.9478510790361392,-0.07229063539260867,0.016694247900387125,-0.002921572761189324,0.1229885635049495,0.27505510716759907,-0.23200998183548166,-0.14098998705464327,-0.23956832379214069,1.9983822076732947,-0.07537321882669225,-0.07288732868049572,3.4069528528742596,2.000122791301778,2.6009035247662533,2.5723720989851806,3.293075140184604,2.6377966529441648,2.777199626851265,3.7959005831668153,0.7286146826769871,47.720792408028956,0.6081502815838046,7.223723848532092,130.03342881416822,51.540736364227214,46.10655677540665,77.32487325488434,75.7827778980111,3.686911082101801,47.720792408028956,0.0,3.8484510006474997,51.569243408676456,36.945129606215964,36.175439406086475,46.181412007769964,20.781635403496473,3.0787608005179967
7RE8_on_4HWZ,-620.6431215461843,-19.51271577222125,-8.885306070494034,-9.053591339410714,-6.858914039491749,-3.9850809562361076,-7.380382582664852,-5.178195192501389,-4.9857513419306585,-3.601875692503944,-8.980030909187688,1.2152555053018554,1.580545533622962,0.8760501625805612,0.5102181512446079,2.6225758121169545,1.9247803566867987,0.84184318497023,0.3619656375694852,3.02162180150929,5.829605190006489,2.5309507330949588,5.050863012583193,3.310163342724134,2.3452148109794138,1.6348928623496077,1.3140305644344863,2.7148602435385003,5.331227519339313,0.10559492362732445,0.03779400677638453,0.4231186061190322,0.14893290519570246,0.5501491912507965,0.20225266781846235,0.2155013255018426,0.2727295730559753,0.19468001255212236,0.14382971369120984,0.06575309633599351,0.3908843514129221,0.21563904369229123,0.0038424869812384924,-0.21778453649956053,-0.18266356811395482,0.057480237717260796,-0.0008684533183745402,4.466074994914155,1.0439500530069454,1.8831211649936395,1.659417408462996,6.763825761778032,8.062871936606642,4.44381169492174,1.165024178530789,24.032300039915054,-3.371672500684571,-1.4037566006366822,-0.999391364689811,-1.1818110245225288,0.21900933513755885,-0.7432957238723,-0.5114259586087372,-1.5434698123393984,-6.474572828763905,-2.8339920144389312,-0.8717149456470443,-2.5482006520837643,-0.6085980355612742,-0.7738515413141444,-0.6105314912596594,0.0,-0.46127220361036586,-2.312829324575654,0.0,0.0,0.0,0.0,0.0,0.0,-0.9725704103636371,0.0,-0.23708288118614818,-0.5318261364489199,-0.7635280737432049,-0.6476857062503214,1.9972107233167997,1.7207119141001257,-0.826824898108177,-0.07367847703495253,0.0016296162360401947,0.2747764203249345,0.01040043252489771,1.5223316355478989,0.06876597228115472,-0.07161116041578304,0.00690063489194547,0.5449729480501492,0.2227365948017832,-0.22600427480815843,-0.5931550666619884,0.9325244028777439,0.20531174148360243,-0.05717637943464844,3.4942589387196517,2.2766563135501934,3.0639439483459707,1.1470020356350799,3.364733615904441,0.30582849787906885,3.4273216865063154,3.8117308633115736,0.8576416615667558,28.47853740479149,1.2163005631676092,2.984125169965429,126.83191318959328,42.90310189610729,64.89211729103896,84.14600782262306,111.80850683937098,1.5393804002590055,28.47853740479149,0.0,2.309070600388508,64.65397681087795,39.25420020660447,59.21805189280539,53.878314009064965,36.94512960621598,1.5393804002590055
7RE8_on_4I4W,-610.894375605295,-18.699538180379804,-8.747984813995442,-9.249443578426748,-6.659046739703822,-2.3898899882219897,-8.205744831213547,-2.270708473789072,-6.435807974739528,-3.653849024096336,-7.919068063915218,2.1253402634770526,1.426079385814333,0.7552157707110061,0.33038255373128916,1.8744577092456636,0.16988520037536695,1.8680096541474287,0.34517974241479576,1.8531880346038927,4.673000267273821,4.532438373784815,5.049897995830421,2.1128984574476255,2.7272682452068735,1.1813648530242333,1.275096926138578,2.8669919683023655,3.9449798179780666,0.5387953915232905,0.06087599866939824,0.2896588360173953,0.16929869624845834,0.10237981635148372,0.1455019454552952,0.2047495268002887,0.28959395861178605,0.25742040871816185,-0.323067494672063,0.2404483681571878,-0.5219818706272432,-0.27702559547401223,-0.3605438087517595,-0.1811683336936799,-0.23051730831676032,-0.1777642003928895,0.08812869473095616,5.632696691844885,21.849172962363465,1.1973539677531342,1.7591819540623586,4.6128813673398685,5.132733659905857,4.193943537338171,1.2616748105615423,32.214640840321636,-2.7101948263725504,-3.2753328938504715,-1.4572008439207595,-0.24742962438161192,-0.05779676638084197,-0.027654403036450857,-1.1402038907234089,-1.2494915891910388,-6.209034058796503,-1.6397950382800448,-1.7194875547710886,-1.7335569734545397,-0.5770903300498134,0.0,0.0,-0.5311304724717052,-0.3741842490177689,-2.098491156832408,0.0,0.0,0.0,0.0,0.0,0.0,0.0,0.0,-0.37378493256353656,-0.4188537926636498,0.5192773664696244,0.6433743548825094,0.2076313687690775,-0.2802542695833993,-0.42147162442125097,0.009928778718389326,-0.0004534693820730032,0.12241062517781143,0.5434508429720166,-0.15109816964055126,-0.09264173452736904,0.09699315255670773,0.11679057685689573,0.2445313037134812,0.21811575909717912,0.3110301497490448,-0.19883162880566432,0.1773757865469396,-0.13814717687731953,0.11156689185008786,3.3685107610976734,2.0598263909214274,4.479709157269186,1.2184945221984358,3.6452614670944774,0.06916634103947966,2.673345100488289,3.5808453222304735,1.8318482014897715,14.462573883914798,6.081502815838023,18.026342291014778,169.5630031916429,4.524669123059074,137.32832331108716,77.84323604272669,99.10347951221445,3.7538153700949177,13.854423602330993,0.0,1.5393804002590055,102.9942062658547,0.0,120.84136142033138,49.26017280828798,23.090706003884968,3.0787608005179967
7RE8_on_4U1H,-621.8303076013702,-21.344270039527093,-9.030644128467536,-8.57842749507243,-6.994351088202615,-4.75517883890279,-3.207671400835988,-5.439459030143066,-4.3648430793680735,-5.120446162658807,-8.654501680793004,2.4277191468597175,1.8136744084709127,0.9763549368310911,0.8524239376984322,0.4659067011232908,0.9334229543179426,0.596148325609629,0.48539622679307326,1.891953293335221,4.519391824706202,3.2723043813569967,4.8062931713090435,3.2434227082388,1.6242163108282992,1.5881505336991624,1.0835395537759547,5.033679311708266,4.223016692832909,0.47746086295518936,0.03948663416909157,0.25550101805648684,0.2268004222099661,0.28614615069985855,0.057632100677893844,0.22282832351546322,1.555560040086887,0.19000697398777178,-0.24861722222240906,0.10477054881204746,-0.42324297659408777,-0.2813943068160902,-0.3058024992312502,-0.7282570714855005,-0.17273611592164995,0.28991812693435953,-0.1657839949762086,4.8475108987733515,0.9921281912992947,1.249093987997795,2.0625516785316402,5.357487026839774,4.761490455028556,4.565147768024855,5.012457266631291,32.086473264571225,-2.997007495052107,-3.2939992704530305,-1.5503314149450635,0.16847948974940638,-0.03464878538001415,0.2876157219076323,-0.40469776280617814,-3.7753437671458605,-4.815356198599408,-2.836635127972134,-1.4599481013069837,-2.344930737541395,-0.7504735697736086,0.0,0.0,0.0,-0.44534008218650833,-1.2110611769756403,0.0,0.0,0.0,0.0,0.0,0.0,0.0,-0.7435285966535403,-0.2493791144921599,-0.2692162063980882,0.07281571955303087,0.09915526395661839,-0.47386374509326057,-0.8815995064555777,-0.5249096160737318,-0.07801968998195687,0.054505627836562265,0.1049168954894025,0.021545171721157483,-0.0939807332692116,-0.2020925475160208,-0.00977453505331937,0.0470924344793104,0.2915871319708688,0.2994781822047164,0.2175659679892101,0.15686447454289076,-0.6263444629068323,-0.1273190199259626,0.30688458291002435,4.059688756829329,2.068316856295308,4.225175915766361,2.011584041221505,2.136477140506543,0.43980350103046817,3.188094845968524,5.001512566917972,0.5954875321011547,26.169466804402994,1.9859907632971119,3.1745599839052447,102.57687864915562,142.01763516025105,24.099506311537716,96.23066756343178,54.68601360179344,4.523505570224421,26.169466804402994,0.7696902001295027,0.0,54.648004209194454,127.7685732214969,9.236282401554003,55.41769440932394,8.466592201424502,3.8484510006474997
7RE8_on_4U1S,-609.7688111856326,-10.457384996821812,-8.931355481996873,-9.012847608266442,-6.696590875393372,-5.348829471715449,-6.144425139452373,-7.068799418051722,-6.5875177894273955,-5.671390612670961,-9.460349254282713,1.6322074219962264,1.3054725485748853,0.7233780976835005,1.0398181716448098,1.348092177906803,1.9073544132395868,0.9855892589029256,0.49033405036651345,2.977194309555183,6.026871524424219,4.074041105627421,5.066435119141714,4.415071524781774,2.9483735212611233,1.1063834156896388,2.7422793449157776,4.525628224339037,5.209303687404455,0.1633336409574144,0.03699372787345871,0.24474645943450768,0.23425529752843377,0.292163830038775,0.06354247616781955,0.02673880260358734,1.6104676152333617,0.1900210530376821,-0.06884517224406865,0.2423199309603583,-0.3222694128747994,-0.15901660189458294,-0.23348154788715003,-0.5081805000219114,-0.2895965548995666,-0.07767628708352792,0.27199112004156323,4.905730317460383,0.9295786241341928,1.1939818514761262,2.379821783979008,5.938073944502544,8.656553825891326,4.128712321872192,3.3672687658670895,29.097676684724807,-3.2421165727756924,-3.368414958305296,-1.7183791742316668,-1.4574892431417827,-0.486605911117551,0.18641193055276023,-0.6136469778176392,-2.0499377541712462,-7.028790084078312,-2.9711231667056506,-1.4582877867993838,-2.1538534577979838,-0.7223988214154481,0.0,0.0,0.0,-0.32717677408363705,-2.2702729821121372,0.0,0.0,0.0,-0.539024835019467,0.0,0.0,0.0,0.0,-0.2510415982966375,-0.22200777070661243,0.01422778230258501,-0.17285666821614526,10.952519958491589,11.411107861275703,0.15631346000059995,-0.0096294581152076,0.10928050924886148,-0.042567491676066924,0.1710210540696013,-0.21727004748051795,0.22981849537816373,-0.023124263485256192,0.05686788256148863,0.36272282415087226,-0.1585248683393061,0.14852740631242356,0.38276194718260115,0.4472488017318156,-0.30967680002160036,0.2335056383574144,3.5488128097271088,2.1167451362576606,3.994665076319234,3.2331175774829575,2.505483593868741,0.4711901208321295,3.3422703320874927,5.005904219709207,0.8540417150940349,37.71481980634547,0.6081502815838046,18.36086373098036,97.32886751388111,91.11821033339552,16.819156225052037,73.71010244853163,41.87684829593462,3.0787608005179967,37.71481980634547,0.0,1.5393804002590055,49.260172808287955,83.07844809681987,7.696902001295014,29.248227604920977,5.387831400906506,3.0787608005179967
7RE8_on_5ENW,-615.5676259785538,-11.516956311086659,-8.731924130921808,-10.56444024608684,-6.548678990138251,-2.5827651070757067,-4.4294393136394925,-7.5313993989774835,-6.548351622679562,-4.147802475985837,-8.472470910369212,1.2741626117619722,2.2082190606887426,0.6690190557368522,0.7902953648933599,1.0238905401500307,1.734923460246891,0.8413522272910446,0.4125763585166808,2.1416014422496286,5.459709279030242,4.114771129697144,4.815842742669956,2.130657380190167,2.3318755028568714,1.9095738325158382,1.6524048669515552,3.2203146136255802,4.132443822231506,0.1999903330302741,0.05611836710246514,0.30171004373557864,0.17771833050687644,0.027591338767662132,0.13846632102559808,0.28088190661428974,0.27858051300745207,0.20392148477317684,0.08752667719385114,-0.3682757203218112,-0.782850042766248,-0.11989767514618352,-0.32247595023241304,-0.7210919351251343,-0.020927564523406453,-0.002693559542188015,0.017607181875421728,4.6542468076731645,29.00478152852156,1.307895272517478,1.9154322928693048,4.354674602154031,6.152170265025675,5.292021083922343,1.0449631292208694,29.979837309126385,-3.398023779248123,-1.6719525034824796,-1.7907651896814905,0.0012146377572718262,-0.6330898759655935,0.5293128459054683,-1.346760755321074,-1.718833769185431,-5.92456894737112,-2.8598232901361853,-1.0458852097799465,-1.726747017304301,-0.5504417980781273,0.0,0.0,-0.7490414638799445,-0.43462838134298176,-1.9883766797512434,0.0,0.0,0.0,0.0,0.0,0.0,0.0,0.0,-0.28717017927025146,-0.3873239665143172,0.49209122968571983,11.5696069235724,10.959076423795288,-0.38726008733015815,-0.761960604325221,-0.114112293676671,0.043784543089346956,0.059068481432336006,-0.021444148003981797,0.06255508770605148,0.49394666378053353,-0.0446540968535095,0.04527747945294929,0.3777147109231266,0.44969801833914175,0.33894173553169243,2.006659734164953,-0.3229054448971752,-0.20339956534188242,-0.06957307021450641,3.1872585140772904,2.0203377304493864,4.441656159348228,1.249729314610849,3.259747794863852,0.7588995904555653,2.47834525172696,3.8823022363966206,0.8101695096744228,24.630086404144002,0.7943187351298674,8.335110731107589,161.2005489689207,87.20576392684157,2.309070600388508,53.01437602932777,73.44481240222848,1.2163005631676092,24.630086404144002,0.7943187351298674,0.7696902001295027,83.75195126261723,80.04778081346794,2.309070600388508,34.636059005827484,21.551325603625976,0.0
7RE8_on_5EU3,-626.1629545008293,-20.460556432879002,-9.063866836641367,-10.57180955918311,-6.360424752648324,-3.3191812774006073,-4.2906958225928635,-6.470732160469327,-5.82482239318134,-4.290838892139356,-8.879269268467556,1.6113575538371512,1.736153522882449,0.6464354716309727,0.8018371094896348,1.0104392447060693,1.1694828286742214,0.9123419022037366,0.466409074765189,3.1992262963081766,6.447581413234877,5.016515352235454,4.619094736617693,3.233665909700586,2.0332347306171252,2.2378284661027883,1.678303916751938,2.991292695055387,4.507584731454182,0.19066920536145196,0.060264204181986705,0.2825988069414438,0.18143238094169004,0.1463903800224574,0.08246851351566381,0.05291739796552705,0.2915620358677352,0.20269015103503496,0.07293354213030498,0.07802958416068634,-0.43796977720166774,0.24088165557777852,-0.3727562924900995,-0.6242585223887542,-0.3229929657989373,-0.016307150895368102,-0.005288471440115041,4.668958603079151,28.493708377986795,1.1928295815395868,2.3547914239845458,5.016583555381997,7.630977804441448,4.384475906372836,1.333508902496721,26.250574784449803,-3.5159645949240184,-3.061888013294791,-0.945000716317074,-1.7662767613569785,0.15584489564889697,-0.8365338616369544,-0.29591242135606205,-1.3154600763533995,-6.200120244315428,-3.0132878964746856,-1.8373331989758208,-1.9047948770776357,-0.7413692154910696,0.0,-0.579738072712384,0.0,-0.6338825373627709,-2.1051284699742157,0.0,0.0,0.0,-0.8886547700938191,0.0,0.0,0.0,0.0,-0.18547035942618093,-0.2896981224324765,-0.7260574010647206,1.376364626433081,1.4126720295031523,-1.1079783524441225,-1.0289042824191335,-0.19284390717054764,-0.04119192734230154,1.4904983285623632,-0.06971582453674711,0.04689311667390854,-0.15251754379969307,0.04310368365670711,0.13146145018436814,0.441095967594011,0.48208244417763707,-0.09292175652674882,-0.15147744102221328,-0.9500325703072932,0.08053143945627875,0.06267507355413596,3.5218371782418956,1.9940291732528947,4.537353874450398,3.220298686200861,2.182399391529132,1.2293461682466238,2.782487828032425,4.15155088891419,0.9764951044858237,56.95707480958295,0.0,14.11525336276791,142.29203970375903,107.48105992178725,9.236282401554003,97.15355888679191,76.35175523416127,3.686911082101801,56.95707480958295,0.0,0.0,85.43561221437443,97.75065541644642,9.236282401554003,64.65397681087795,21.55132560362599,3.0787608005179967
7RE8_on_5IB2,-622.6952566419907,-25.336188948388138,-8.914482944698285,-8.36594021378616,-5.305915744593409,-3.842116406586303,-8.097345161134248,-3.5046715641630684,-7.096438979113328,-3.4601637488702455,-8.976594793872874,2.404423050802562,1.1165613005800066,0.5141835388524407,0.22315523857585084,1.2994413252901442,0.5015843740719177,1.3444986146429925,0.25418044534488543,2.386504342294921,4.501637176229905,3.663438279696022,3.91161649861836,1.932723145326269,2.1090233466114814,0.9121330163353478,1.5703986941469903,2.8503815456799613,5.373910611407559,0.518949043659098,0.0319257369677472,0.2775945118564759,0.12403161761480679,0.2326599534281901,0.15168714840397288,0.5772035024617064,0.25643658743498265,0.17283383824652737,0.04418133395314324,0.1666104226067167,-0.5761919898816357,-0.30072973705441336,-0.24904392580449936,-0.22063387539482585,-0.5009014751029992,-0.32474581755693227,0.08269256742170691,4.720133855919945,0.7180648194887401,1.1397049948032403,1.6361545401587851,6.833732426787697,5.203781122816885,5.913968276660396,1.1369139369960306,8.502670647635231,-2.474007950782664,-3.5019641731874094,-1.1055722062042195,-0.24698682661595994,0.13199816204341097,0.06454703515345485,-0.12736681620136464,-1.8791365341796653,-7.24533502149747,-2.183155831789515,-1.480189062201311,-1.8712493695024635,0.0,0.0,0.0,0.0,-0.4145797336346194,-2.5894670919664815,0.0,0.0,0.0,0.0,0.0,0.0,0.0,0.0,-0.27565556752133424,-0.10078953579331143,-0.08821746647217002,-0.44647322012970514,0.3042775544558617,0.20890840479429768,-0.2511281294952787,0.552200692228738,0.07738258024151994,0.02828713677550404,0.06067860975033537,0.0463287933549425,-0.02186378889543876,0.19302977166501792,-0.018449483760061915,0.2240884160540491,0.320777836663193,0.025437118235807358,-0.15939457866025614,0.3270686510343381,-0.5984502354303214,0.10243999784055072,2.528541412013926,2.08373577098827,2.495341122142155,1.9240556785174658,5.410145533054309,0.06567615657493361,2.22245454941132,3.4556282477052256,0.8466967615637524,21.63684673697371,5.473352534254219,18.247611255073153,110.73648682770155,15.118235906247335,83.61950016493812,19.992746581595064,76.84781659267256,3.0407514079190117,16.163494202719487,0.0,6.157521601035993,44.642031607510965,5.387831400906505,56.86088777525083,16.88509088568294,22.32101580375548,0.0
7RE8_on_5INC,-574.076138667093,-4.865901223582089,-7.9574196806074005,-8.809937157254053,-6.919548515307008,-4.205333808308626,-8.642016800787653,-3.34399570348607,-6.606331270519501,-3.2731375808724033,-8.535845782599727,0.8854587896279841,1.331727797623329,1.4125836624886772,0.7742463225958793,2.3690869179125604,1.1240328616805475,1.8568712434673524,0.21705872595282527,2.846879781272845,5.9545178848776965,2.9177508177929172,4.379875070626524,2.579649073169223,3.046397320168858,1.181152771921248,2.394510315099043,2.526338907239248,4.230961298162062,0.16875185379135887,0.03419411509357751,0.48901422652681237,0.13693558205973846,0.23177235535145324,0.16010789651144097,0.22153477751834083,0.26520813427226053,0.2086894918389397,-0.16793183233029715,-0.06552833319726625,-0.5251372927869731,-0.2528405589526727,-0.3366683283394046,-0.22563724204459668,-0.38642549966506595,0.023287805202263416,-0.2593238480561112,4.936662279496665,0.7854588294189107,1.757402238864631,1.4846021348781477,28.834540903046456,6.7530337060057475,5.745064750220231,1.1454138353194718,16.803831159341556,-3.0001531026723476,-1.9642195051798659,-0.22591282882443958,0.3224096529986339,0.4625697268098462,0.47359436376511455,-1.0710618837629804,-1.2196134137544772,-4.133904575026646,-2.7035752600147163,-1.086373169109486,-1.21335574212918,0.0,-1.01606461282656,0.0,-0.3938328146459652,-0.4480057459026472,-1.5088838553785036,0.0,0.0,0.0,0.0,0.0,0.0,0.0,0.0,-0.20881439001183597,-0.21465593312412742,-0.4521868214775356,1.3260031575158835,1.894782611141233,-0.42973487530376286,-0.6139895695521466,-0.08618288319669272,0.11135321305040868,0.36668151261477566,0.4307136088693747,2.191343755621475,0.2396433385360845,-0.11462724766742602,0.0022624135369879762,0.41024200482366985,-0.1460870034727495,0.05735063888066481,-0.2902471668664859,0.33577746446256457,0.2076036419244805,0.07220413993598997,3.8977268448593367,2.1186556857803223,3.377527474383554,1.3737736740696318,5.545430899124281,0.06441162451937602,4.503364030459741,3.42556820014322,0.8158377658296492,66.86841178071387,1.2163005631676092,18.902109724571037,144.8890896307266,24.876565679620093,105.4015970807722,54.61949716474522,102.08760468217989,3.8484510006474997,66.19335721113694,0.0,1.5393804002590055,73.12056901230241,11.497259484776446,92.3628240155399,40.02389040673396,25.399776604273477,3.8484510006474997
7RE8_on_5NMH,-627.1418722355355,-23.971034693261288,-9.340083444225694,-10.066634194799066,-6.77671997873637,-3.6141643252273825,-5.27216504317432,-5.041452778062513,-5.245406861657803,-3.374010587072025,-6.822474186837815,3.283417482977046,1.6484014612501596,0.4736933988397492,0.24924168908534394,0.551259753203026,0.9531575079230539,0.9991576388188141,0.3715931910585417,1.000164437819542,4.662867550891388,4.7155231938667095,4.661015394509789,1.8843343298955082,2.460444956964295,1.4368046788894018,1.2661452256287706,2.404637609352254,3.4355298470923286,0.38986857232256317,0.06178037320274711,0.3794855020240725,0.296808440725365,0.34404814122613225,0.07706356922522485,0.21642169424347296,0.27110918493944536,0.18417863986357424,-0.02894168117704086,0.06690944018558785,-0.5191309521239371,-0.1423279222335981,-0.40953984228495244,-0.6897600809896564,-0.2946329343406449,-0.027254425375096016,0.06366137268666852,4.1992859080950495,26.845279010924138,1.1723580748848026,3.1001065814116746,5.632631208732733,7.647328791289474,4.241130124787186,1.1957344707368525,5.723164130462987,-2.8479806672244345,-3.3961034889649215,-0.7694949450781858,0.3042941976246566,-0.6088506139964828,-0.2672547212767679,-0.18837102232429415,-1.5608862605635982,-4.7262607466348525,-3.008498018702854,-1.731203030370681,-2.0441215513831357,0.0,-0.8881779486969976,0.0,0.0,-0.6297845856249664,-1.6327098845325305,0.0,0.0,0.0,0.0,0.0,0.0,0.0,0.0,-0.25453019282581496,-0.31586237805401546,-0.5169263532009435,0.4628323432978253,0.33144810719027473,-0.7935361393422365,-0.49768958658697626,-0.15837536513487155,-0.02756632595229879,-0.11998417709195132,0.6258894496761923,-0.010508916621861146,-0.19289862104822927,-0.051185859041367,0.4105057946462226,0.3535154341267131,-0.11717976260572495,-0.2008933903512791,-0.47345153111968136,-0.4176331975261836,-0.47567120680141317,-0.024419633283704598,3.5166626913434347,2.004902955675726,3.004245707834116,3.489164867811896,2.2863988806049638,1.3169524038916647,2.2345079634328484,3.8652731100631437,0.4075441892784455,33.86636880569798,1.8244508447514027,8.915529670131939,155.02809510650653,104.3993902391826,44.730267697472875,88.63034044741384,103.81741989637871,10.661634624016042,33.86636880569798,0.0,0.0,69.27211801165492,101.35863883126356,13.854423602330979,58.49645520984197,24.630086404143988,1.5393804002590055
7RE8_on_5SWQ,-593.6117991315166,-1.983232233914595,-9.291057556030978,-8.839889895218233,-6.689250702962444,-4.910099960091099,-5.391870564190085,-4.5938455651519075,-4.89397247550637,-4.079254308345224,-9.120803489753198,3.0998861068064683,1.1502602994654387,2.3282333657951417,2.093287461755396,1.3570102292813078,1.9429979802701198,0.7872408001824128,0.39345072455963065,3.0021105976992235,4.921668842008887,3.6061098849043276,4.87847747134253,2.745495378968825,1.818652907782063,0.7442885220718771,1.4419758853266549,2.946138739932673,4.633655187530378,0.41515664933163043,0.032464529025914755,0.8139745571732787,0.1983453403241075,0.23586216338813154,0.06057476310335501,0.03298979022821332,0.3199242363601406,0.29172594686963327,0.020607860077143617,0.26211144716568513,-0.4355576127107497,-0.036323679667548625,-0.5655276224615522,-0.23605133229504882,-0.18317591071924125,-0.08301972765559634,0.01622983315970907,4.396771657713713,0.7170141111299524,4.23737591003563,1.7496737684710557,4.368068176270113,6.834247808087319,4.224589680552357,1.792126538178642,46.62686775420351,-3.150162725569692,-3.3403610049493757,-0.8702255740571161,-0.03992277391321593,-0.08391179351410231,-0.12760368312012615,-0.6486712187376005,-1.5260763166814182,-6.330937534470123,-2.908018259938285,-1.6999465784443069,-1.6418182203401654,0.0,0.0,0.0,0.0,-0.5823358343515238,-2.109437390472431,0.0,0.0,0.0,-0.8465792783580822,0.0,0.0,0.0,0.0,-0.3642593861762721,-0.3781724428227798,10.994226981263555,11.005172923838327,-0.33333901638685054,-0.18333139594924036,-0.18696823971912546,-0.07398956547008229,0.04400220114946425,1.8423583668681849,0.13206098122759974,0.028880692042853068,0.3554803398753158,0.7442019798176813,0.25804635070813126,0.24391608657870578,-0.0693705971860979,2.3161657509835774,-0.20416606718026878,-1.1052951408750225,-0.3236960676885245,-0.07289674564242596,3.8679919661418083,2.1908072787768194,3.224242683213251,2.7351017046373944,2.194865311732241,0.3689546450536,3.102546346153648,3.979617881787266,2.254681384546109,30.787608005179983,1.2163005631676092,13.165406398738124,89.5561406528606,96.52310717587704,71.64091765755614,76.74329076302536,81.51114242852896,0.6081502815838046,30.787608005179983,0.0,3.8484510006474997,33.77018177136584,83.75195126261721,33.673994737033716,50.79955320854697,26.16946680440298,0.0
7RE8_on_5VUE,-621.7330119910499,-18.70068023715575,-8.329177150156626,-9.102131327146807,-6.564112133370407,-2.465694119653738,-7.059564762548624,-3.321696588273939,-9.49077170075881,-4.288445247364148,-8.494828512485741,1.3592592423148715,1.158173422207069,1.1218495016747554,0.35877837446922184,2.64210701940156,0.9407910432966504,2.1219161636967594,0.45503584530788244,2.3520379823694078,5.87332071949352,4.334948409881772,5.0451186751077595,1.7720917871283406,2.082864600062587,1.1071560308713977,3.5019693609861875,4.434326949108884,4.924327730691765,0.1935674083120878,0.04564320649588409,0.40256202493776155,0.24585740092752711,-0.012851257248485388,0.0804639938825846,0.31819982741008207,0.3231465529027916,0.17552573950956546,-0.2812554933209949,0.12089212218683401,0.03343256072067234,-0.17171297307338368,-0.3097025750718239,-0.20955630958924298,-0.3818210607866889,0.23878730622782052,0.18283192524765363,5.23719771048414,13.837105521957355,0.8605605486203698,2.130777066477921,6.220667411277043,5.759412642024715,5.634645855006326,1.5701413460395104,12.235738114208486,-3.207813389288059,-3.0592064820357217,-1.7503906287017332,0.3585707303589685,-0.4826921942175821,0.1752821264900759,-0.1290959637537693,-3.561120780790422,-5.83019356155683,-2.9666654880573926,-1.7801498047042967,-1.4929066778461948,0.0,0.0,0.0,0.0,-0.4184273045262318,-1.8041427732798538,0.0,0.0,-0.634274361700264,0.0,0.0,0.0,-0.634274361700264,-0.7631007272195665,-0.5125965360350346,-0.7979126189812081,0.9641226559278312,1.7434455900368793,-0.0753488581471532,0.5300341127013045,0.4412646416099514,-0.05294455105463819,0.09481166031661967,0.024104690398923906,0.23135654160335478,0.10280159990245585,-0.18134624552961343,-0.014889284379876355,0.056326678877024305,0.21396527353382896,0.32585138769428545,0.38181559022106915,-0.14738041747025865,-0.7975853424001325,-0.15324211949491687,-0.06607473277960624,3.7624413653808224,2.171114889722363,2.9177086752849575,1.8831137299333964,2.3565367390122938,0.34292368309535715,2.271518104514663,4.600142649099769,1.1588923167540102,42.332961007122464,0.7943187351298674,1.2832048511607255,149.53302291933863,41.80141128715398,117.01269081787316,5.131655851808225,80.4092578941032,2.9172208819722987,42.332961007122464,0.7943187351298674,0.0,68.50242781152545,36.12734588892041,107.75662801812989,3.8484510006474997,17.702874602978493,2.309070600388494
7RE8_on_6J1V,-614.0776026618676,-23.7109478104436,-7.843009648020979,-8.742516791624283,-6.483230502918899,-4.388990183720093,-4.58209334416169,-7.422486026697093,-6.884741327897982,-3.2145745323933017,-8.52189951704799,0.541846712959972,1.0171864062870741,0.6557262243654931,0.9888145379459892,0.5377807483485466,2.4307490713952484,0.7859735568241498,0.2798829289861476,3.065674999384577,5.862799737586519,2.8018953272724447,5.032593900907941,3.0902309602655618,2.8439137643652255,1.5594891579775887,2.4969038815147933,2.130796448939189,4.254810330353666,0.08443554385053384,0.032166677500276145,0.3724764219862702,0.13429269655805848,0.2716819649645919,0.09173936560069415,0.339376104872479,0.24484386241197378,0.20614565965346437,0.2618578480513962,0.15206927232010622,0.032065058651353,0.1535700840717362,-0.4881677370474892,-0.5577515721753133,-0.20847678122646918,0.005105678752543467,-0.21137212868376107,4.064400053382113,0.7704224807601493,1.181990166586906,1.5579745662395905,4.760484282040758,13.085204945152912,6.168690097654065,1.0034756564852993,21.859063641946936,-3.0088574579556977,-1.5848379895241012,-1.0822297090445403,-1.1277080654372407,-0.5261944288602762,0.01048572831950903,-0.7803332441615041,-1.726082910496944,-4.571747107076667,-2.8209145244154197,-1.141723914636281,-3.0451961529214335,-0.5459502377044498,-1.114386594140881,0.0,0.0,-0.5255915253436397,-1.4278844484768314,0.0,0.0,0.0,0.0,0.0,0.0,-0.606144949023778,0.0,-0.25747913546938755,-0.49875478821618174,-0.9203114394996469,-0.9974239472328283,-0.5287882636843737,-0.4683118829829671,-0.7630969962574403,-0.020692934609442822,-0.03320504084705087,-0.08939102907580922,-0.0730769101828679,0.17733352863267435,0.559729486127447,0.0359637933099067,-0.06241172050330925,0.38580858992437606,0.0770346491701896,-0.05319122120723582,-0.3924743513135143,-0.9307455791044615,-0.5511823300585573,-0.03703115905185512,3.2044518233541197,2.368580431853091,3.1530309584721317,1.2640515682862046,1.8645653400996345,1.906469962093441,2.668283627578485,3.9629616582136094,0.9209884362249818,27.70884720466197,2.917220881972313,17.18257256041173,123.8869609650615,136.1971560303224,30.236471812494656,54.58226347403601,124.14333043963222,9.712951212820897,27.70884720466197,2.309070600388508,4.618141200776988,61.575216010359945,133.1564046224034,10.775662801812995,50.79955320854696,40.023890406733955,1.5393804002590055
7RE8_on_6J2A,-621.4875441535773,-24.964875360496368,-9.45300624811022,-10.208240043080979,-7.158599911963293,-3.32971724131407,-5.192519590554613,-7.378301062339433,-7.540060646160665,-3.328013105669452,-8.719998867399358,2.9971514824725127,2.439519825853721,1.330124785234049,0.6817392250512069,1.257660215093819,1.8879863975649898,1.5791840339563066,0.19309810797236363,2.683966077245665,4.722348194635003,4.61173532767517,5.361818432161377,1.9877173899786231,1.9643933364391817,1.315866616176265,2.022313085802355,2.46002711666629,4.669655841280189,0.4074936887351287,0.06388382703906967,0.23542526141582593,0.20532960142048373,0.42686939435622295,0.0735422227035827,0.30972892135316327,0.24938678572266726,0.19529850060583334,-0.21881594352644357,0.1015442388718914,-0.4198220200642737,-0.11632055078557373,-0.4382145450420169,-0.44501577191046926,-0.3179175301091998,-0.1225449081692963,0.053748555503026346,4.287010069907467,16.055952776311596,0.8852781522561651,1.6395341419410963,4.624397150916471,6.464145633147196,6.036714730579544,1.0431729804252678,14.396060344172428,-2.8337672474262647,-3.3252778929388183,-1.0057552977789082,0.3410598762279851,-0.34248837332733884,-0.12203309738796483,-0.5219254502982403,-1.6961198037201426,-6.175162921126978,-3.025818808064613,-1.6136140055632775,-1.8290003878928331,0.0,0.0,0.0,0.0,-0.3413894953164074,-2.109283450798403,0.0,0.0,0.0,0.0,0.0,0.0,-0.8532651573604956,0.0,0.14673288698505835,-0.13881356052287377,-0.675481904330955,-0.6192841323583519,0.39660214208409733,0.3120548045853118,-0.7418118714374559,-0.046916581310099854,0.17940269516233867,-0.07314691914409653,0.018336075278455655,0.039409407521984435,1.0686611996070199,0.008510737334437062,0.09867182028629551,0.4534192983818788,0.4339991510474228,-0.05178094592701355,-0.830864996672586,-0.2825550544415885,-0.6156505573289005,-0.0681084746962123,3.971461773678509,2.0104805099566327,2.554114228258597,1.6005858180716117,1.4728856247290363,0.22375080838365902,2.2487232284031364,3.929768598057762,1.146219268678153,26.16946680440298,1.2163005631676092,5.901346051937728,163.8299844497864,95.1762947697548,11.592864742691228,46.266933141117676,113.9469230240089,1.5393804002590055,26.16946680440298,0.0,4.618141200777003,91.59313381541043,87.74468281476294,3.0787608005179967,40.79358060686346,32.326988405438975,1.5393804002590055
7RE8_on_6MT3,-615.5675510490433,-15.552420598228801,-7.631443774530732,-8.641597448351842,-5.82306921606843,-4.057573078243864,-6.855519692128386,-3.50799787419737,-6.6463821155059195,-4.812332033059411,-9.411295715578893,1.4630432333414194,1.357831255669689,0.8841081991190113,0.608514748292394,2.4365033426433547,0.43740048914141433,1.4580821560011252,0.5105092619081146,2.8306110135655658,4.675595861004295,3.665024772645821,4.3134300700804085,2.272415706783489,1.5758827663607158,0.9427483291381213,1.7486323314906218,4.978421708000384,5.568986412501808,0.3812164688633651,0.030122243247351126,0.2486329631412692,0.15587613881087267,0.12978548020694525,0.10660536723741437,0.3130165438866946,1.486065133775828,0.20065181486190167,0.11613940907134213,0.2260483984688671,-0.3898019093174606,-0.33142228597711987,-0.224752391773225,-0.2793220716472384,0.04884394750377504,0.2802782157979137,-0.02043286927413889,4.3221097325321445,0.6706458567752993,1.4840651138243282,1.4817769026525058,8.168812221225634,6.60751108067284,5.047607206516005,4.592815810269681,20.436188655690145,-2.4798441525837895,-3.7607080660824748,-1.313280645358219,0.18344572130867864,1.140220285985572,0.28084158332439135,-0.32313709946135516,-3.1716605661989306,-5.831833770530886,-0.7046253365936194,-1.4286157576087484,-2.599204941088987,-0.6799595417005263,0.0,0.0,0.0,-0.6352055738400653,-1.7626837164465634,0.0,0.0,0.0,0.0,0.0,0.0,-1.060245184209161,-0.8253836969451351,-0.13729771983184563,-0.14794167392847343,0.39465942055261444,0.8580172519312784,0.4707243098915064,-0.21209001811194628,-0.25007898042537163,0.622412679236179,-0.04568081239136386,-0.03448274493160366,-0.1211982852314857,0.0029626688680453317,-0.01135681273026623,-0.06992070908503836,0.5797991425397231,0.4413474387528799,-0.1122654890225373,0.3239021942726724,-0.4163736406991559,0.8106976863540993,-0.09788542643970691,0.3076489652141152,2.4470746987879854,2.438633918448978,4.141961422578131,1.5828677776149775,4.063435884650804,0.32067961296950037,3.3042170257053987,5.011107202481299,0.5593950447336111,56.95707480958295,2.432601126335207,27.52112734733637,112.40773654922235,20.58208609235181,122.2001972057452,73.58618407164003,73.55806487813567,0.6750545695769209,56.95707480958295,0.0,4.618141200777002,36.17543940608646,16.93318440284899,95.44158481605791,49.26017280828796,16.93318440284899,0.0
7RE8_on_6MT6,-618.5863017136305,-11.861456555949275,-8.619596959509083,-8.065007354317357,-3.574319389006456,-4.469395602779515,-8.007307370883314,-5.081663021348957,-5.244735817532547,-3.6617829411085356,-8.27564151705826,1.6524058346107517,2.0992792741305366,0.4647664547636887,1.5793693559988702,2.763648416271933,0.9189642900052009,0.7662749874470896,0.2611000840793731,1.8496770902046475,5.620124713373536,3.410538499005095,3.168243619836974,3.2004778079379568,2.674930504200834,0.5062941464592747,1.4532081978714428,3.098309256348602,4.588069585248912,0.20597852467957697,0.1609083715833285,0.22041367383234875,0.1070632364036173,0.16391262432183654,0.11989132849633703,0.04017234618373942,0.42900605547791665,0.17818690093808487,-0.4629680921163417,0.18844752001552145,-0.06227637286928689,0.044547652758066415,-0.27761731590198424,-0.15260745874646026,-0.22518148169341187,0.06798302235970202,0.12598545731878757,6.201915874001592,2.0069619356725537,0.9509253868787002,1.4751999808362386,6.58951911263273,9.364601975007345,4.212578884769839,1.7857534590885584,18.218074881530892,-3.0601734028816296,-1.3909254010592076,-0.6810955800918598,-0.8998814949238773,-0.2212421715039773,0.6077740194613989,-0.024248719225904755,-1.7355012524802773,-6.008883452409788,-3.1169768643536004,-1.1323023191483519,-0.746433582142733,-0.746433582142733,-0.6827498534523883,0.0,0.0,-0.5130450851420114,-2.2899051301476274,0.0,0.0,0.0,0.0,0.0,0.0,0.0,0.0,0.05592956985509346,0.3034884268064605,-0.08761005342234734,-0.5980107864280441,-0.2770154771878326,0.18197242505587793,0.017772396915799182,-0.06529098256538929,0.15986439261676835,0.040163305205435415,0.6026105494836819,-0.1274945325549763,0.010263060389964399,-0.04243967385828837,-0.03065347357159207,-0.009872647996699211,-0.0850028307932039,0.10984176990222415,0.34943708370236504,-0.7148895903833682,-0.2770828210891848,0.2080662535261318,3.8383406548821095,4.8092245423547215,3.7578785714461045,1.3424636983079241,3.652198372931916,1.3368667068273754,3.682631300956329,5.468302662675446,0.839386664902241,37.71481980634548,2.309070600388508,73.70758141738987,91.08931543800139,25.143988906120104,53.33978297208847,87.31862855180384,79.55521011346062,2.2144349698359265,37.71481980634548,2.309070600388508,10.775662801812995,36.94512960621598,6.157521601036008,28.478537404791474,43.87234140738144,18.472564803107982,1.5393804002590055
7RE8_on_6UJO,-619.0906385673795,-20.792684780558385,-9.00189317876057,-9.734855121362772,-6.633797770316331,-3.291864012670629,-7.885103079199267,-3.3873788202401833,-7.74367882189455,-4.596789381212502,-8.81067718714461,2.9364568781960263,1.6004572594572355,0.9569308461425006,0.3732372794034239,1.7972580358003576,0.7633525894609335,1.84711565150402,0.30621807379024146,3.518623180591857,4.5099576846729015,4.58917216800224,3.8479572383167158,2.4694516202789467,1.4506297256196492,-0.019439281115421814,1.938437205247579,4.089568240986434,4.708733136498898,0.42291678596939,0.06689076648848193,0.2788728056745754,0.19291925387293415,0.5520221858812296,0.11456344827350731,0.21441103067115908,0.26075047309187904,0.28622014051009675,-0.17615238094660232,0.14663012895130026,-0.7800297294779284,-0.07590507851725568,-0.44153207272170064,-0.22439877175233602,-0.5175498641899982,-0.11761216593471682,-0.10367156137277275,4.8558946551575755,10.944727670135315,1.8154674269995172,1.8560325093223236,5.453905065830359,9.403528022793278,4.846655213505378,1.116359881947244,28.664504866532674,-1.8898092762974374,-3.5337627215049503,-0.36718886217830016,-0.7377340508639058,0.20567929935584284,0.0548893763199485,-0.6946315475857802,-2.522513992704818,-6.626609138346775,-2.2479415880376115,-1.6520237633614518,-1.1546292265414562,-0.673300930592005,0.0,0.0,0.0,-0.6567608044358167,-1.6470741909564286,0.0,0.0,0.0,0.0,0.0,0.0,-0.6474194273799737,0.0,-0.1440927098333056,-0.09473160781819895,0.26581514574494186,0.07841435787859244,0.9508530408834981,0.9416354587564367,-0.11761554938028021,0.052218992598775577,-0.052744345883263974,-0.07069773160330103,-0.0030194630562472013,1.0123209363972259,0.262817582631354,-0.0988836667010614,-0.013222437496942838,0.4492344687425601,0.3539357057870917,0.47809496144173863,-0.5015906884704932,-0.06028418742081191,-0.025283375016505016,0.08455163004566796,5.080707058670235,2.0015337743282022,2.575071117143883,1.3891917251054675,1.637377577315363,1.5030893732048338,5.053790306473779,3.483355222743058,1.6645493569025025,37.515270495200795,1.8244508447514027,6.008586838199148,147.32673281934532,19.724935504150142,118.2233675423399,30.141448330997193,80.45037009426127,6.281052126982707,33.86636880569798,0.0,0.0,82.30875789669034,19.04988093457322,90.05375341515143,27.708847204661986,26.93915700453247,3.8484510006474997
7RE8_on_7F4W,-589.22282969404,-22.823654645421993,-8.418988161779707,-10.082030707826407,-8.167971695962253,-3.970477034384018,-8.047467483532063,-5.419201854503078,-7.060929999120112,-3.0333122729952655,-8.086328793035628,2.9491138665321626,2.262463011819173,1.0427809867228488,0.4745026734833884,1.5621500608725751,2.2372784075286787,1.6577102543019855,0.13744967999619484,2.8315622476588063,5.79309845888218,4.8071262895093945,5.819473253551906,2.4097718116334326,2.8111213926411374,1.0879528082983767,1.7660448165269393,2.306484383269618,4.702422648021072,0.38060406889384796,-0.026912324665730687,0.2654869025500024,0.22364369046487376,0.24206606724245852,0.0753279488519508,0.32053878176019024,0.2568593730311538,0.24276434372020467,-0.08932085867527656,0.05901818346545014,-0.1882782922646947,-0.18617152723879776,-0.682649815635714,-0.4887656750234565,-0.2984070037384931,-0.08228218831593463,0.32985685572527434,5.767947613183556,8.00786375629383,0.9977783339913595,2.1948482643563625,4.355859781259819,9.406228119449644,4.9776933016009,1.0997349534074972,9.808895427514638,-3.8985557128405453,-2.9641026357193967,-1.6886351648037854,-0.12085386965619459,-0.450327025184428,-0.06022085977443817,-0.578833869820448,-1.499968310227659,-6.1576565351288135,-1.6101901943840755,-1.6161952820760503,-3.050600241199613,-0.7793856948761965,-0.6188663966444427,0.0,0.0,-0.4790092020282765,-2.1499361336437866,0.0,0.0,0.0,0.0,0.0,0.0,-0.7645200260492868,0.0,-0.18338328913329915,-0.25104867132096326,0.00026697830738853234,-0.015465998424815997,-0.364959098571081,-0.6018322586215754,-0.41690976080835057,-0.08867389074149654,-0.027042713340629146,0.22117933222846545,-0.13214955928452576,-0.04579933983165138,0.1715925019551891,0.025051466616275254,-0.010300245382235108,0.4509659342371373,0.435170759793728,-0.06292535792487103,-0.23567670900586782,-1.0833141637482844,-0.6521910358303946,-0.008695855850429233,5.296105753738898,1.6133394856330006,4.421049637938284,3.5615045516561112,3.3704913860373678,0.24574165083111987,2.7213525167011703,3.47555512273294,1.5876495033551574,64.65397681087794,1.3778404817133074,0.7696902001295027,133.23455658779824,48.00586285252136,68.45685532550117,49.63212186443522,118.21541659796969,4.26733002112614,64.65397681087794,0.7696902001295027,0.7696902001295027,56.187384609453446,46.18141200776996,37.71481980634548,43.82424789021542,30.78760800517997,2.309070600388494
7RE8_on_7KGQ,-622.8671400377501,-18.775926443001143,-8.637095989159619,-10.123437768694934,-6.922111972002274,-3.136428226637878,-3.6154127566345116,-5.916453247807025,-6.171243028396621,-3.498534596309665,-8.246350073567239,1.4660582698784856,1.507254499013513,0.568692912652449,0.5474982717139182,0.5153403944224277,1.0909955697589147,1.0148725201634372,0.2224275621504619,2.3860089311305828,6.108684334482221,4.911106876744923,5.436504219315938,2.959719167680191,1.3988767054578812,1.8937336864989895,0.6030482127770472,2.7426660736365465,4.352245654926758,0.18045078725245156,0.046006011164113736,0.2468530549483063,0.10601116033220583,0.13355028252425186,0.07371156518247698,0.29694988047886567,0.27971314776889505,0.20769037900129803,-0.006927462510262057,0.17803900007546145,0.2772207761905443,-0.08197986718915493,-0.45106999005897397,-0.5155533373743947,-0.35797582262193073,-0.0042619499565684366,0.09580946602198481,4.812912911082315,27.237130400279817,1.1319950621474204,1.453949953029264,4.941264245486574,7.267974432731148,5.92304739018335,1.2824887069868276,24.731558587950502,-3.2740081703878836,-3.1150608791721774,-2.078294213361774,0.007574666617393699,0.29022174870826606,0.30556289091296207,-0.40490150755469595,-1.3950800345416265,-5.9120126706497915,-2.9855683308584964,-1.7734291168825256,-2.4337555420247003,-0.7517996119734474,0.0,0.0,0.0,-0.5229031454432945,-2.314049805801216,0.0,0.0,-2.3037416150685677,0.0,0.0,0.0,0.0,0.0,-0.20281137562002605,-0.1921864612677159,4.336404809761566,4.130272663603816,-0.45679785805000667,-0.6535895782853691,-0.7443020998819194,-0.15821064515590405,0.001386547137528428,0.19644308586452347,0.11326854613176726,-0.19298397418857152,-0.12661832679559865,0.02990120492897083,-0.0031071476795081227,0.4274582231830819,0.40548195884207067,1.598223170927278,0.32129266924362593,-1.0287598570610879,-0.07829657204436494,0.032732468050203245,3.48981116925163,2.0558393937006976,4.18758059189422,1.143844304860223,2.210555564758239,1.3098849008270146,3.2816656853521287,3.93985398237431,0.7603102716961281,47.720792408028956,0.0,1.8244508447514027,139.27727430914751,130.99491130654465,12.193839781794619,57.66975092081396,75.42168866832074,3.0787608005179967,47.720792408028956,0.0,0.0,75.14107850969455,121.6110516204609,6.927211801165496,28.478537404791474,16.163494202719487,3.0787608005179967
7RE8_on_7KGS,-612.8703976475763,-14.136456013199798,-8.22273538812747,-9.847910054308368,-6.762413912751657,-2.506405887791629,-8.427520401065191,-4.36298149773986,-10.283037417513494,-3.5774433384187656,-8.80275345258029,1.3543460906960423,1.7225040290053004,2.593634715465247,0.5557439653280135,3.890635635209205,1.106330064425477,5.6876101198293565,0.3195339808764104,2.6143998944895936,5.74347368032644,4.368064306950739,4.6917313162851615,2.076514558645947,0.4197196530508739,1.0882108719325316,2.4243566063539,3.8448559299779927,4.6572892666039305,0.1779676081845915,0.05963550663773058,0.2592876692773537,0.2142986544500741,0.22252486072084518,0.15211340537243767,0.3650358489371018,0.3011458337446439,0.20945861476451008,-0.2550787146755886,-0.01062500030468756,-0.4187056528661501,-0.40898256599104016,-0.2792060334405308,-0.347716088147971,-0.43385420189155566,0.10955744226378471,0.06098231447216909,4.771680813499512,25.42198410052304,2.8752423287727167,1.6780856472228303,5.671392556063021,5.580440186890238,12.616735280947655,1.1583452914883765,24.84183004878519,-3.6658652245672707,-3.478920328394679,-1.6463240144514013,-0.13010230968990177,0.12212396251725795,-0.3942499011253543,-0.05651904839728862,-2.9744387302871265,-5.583139040904412,-2.933535371661573,-1.481838948819587,-1.7246541275712,-0.20354400664409789,0.0,0.0,0.0,-0.8879857568754448,-1.4696989057554002,0.0,0.0,0.0,0.0,0.0,0.0,0.0,0.0,-0.42873531048444397,-0.3290723578521553,0.867948143542953,0.976077230094431,0.8881679521878127,1.644070305409115,1.04276579527396,-0.18459479273025717,0.3502408530067367,1.2614123390725447,-0.10250453253754116,-0.039785323845990414,-0.04976596458590335,0.26920284315347465,-0.06954400970372757,0.1539817341739754,-0.1352328959678016,0.5127164993911504,-0.3359954724164796,0.4144604950955526,0.5778763548909106,0.3672937701741997,3.5035637071867076,1.9699711482950084,4.336807244933897,1.7463469050245473,3.6981567425186452,0.03825008930053445,3.1661815036922767,4.306757752435531,0.7459799412923761,52.33893360880596,0.0,30.535310965530567,157.0022564159846,25.847938371091132,72.57874124229443,5.87361470937825,104.49732260276672,6.737940540060333,52.33893360880596,0.0,0.0,89.28406321502192,3.0787608005179967,64.60588329371188,3.8484510006474997,28.47853740479149,5.387831400906491
7RE8_on_7L1C,-618.0610083684039,-12.792000768374464,-8.713524544384278,-9.322120160735741,-6.2474447033812615,-4.59430373767623,-4.8710990241536445,-5.265498270990059,-5.391857406905871,-3.2495178618361407,-8.80176812399036,1.4075428589393042,1.2235411371386542,0.5629943847382757,1.3927237164888795,1.5633049284359644,2.1765506650942976,0.800000572134426,0.29718445478409505,3.5070365549387352,6.53074963236603,3.962306601528072,4.966297121305907,2.754962739489077,1.9164368263455858,1.0639947131430325,0.8902264628964036,2.487778470144139,4.716892943811325,0.19622734636840308,0.03177253822039758,0.26925966595231005,0.14346957751448103,0.26903094096651264,0.07531532604619776,0.2998119628515296,0.2791790466626449,0.283295221902487,0.014515494230813313,0.1477090384816678,-0.20080311684670876,-0.13628885440604382,-0.4508135223985599,-0.4541055209300849,-0.39080614564935645,-0.17209490016174983,0.10628185256486473,4.585507472778426,0.7736031067438615,1.4207709086677198,1.7103351736111607,5.117301729907454,10.440341234222029,5.151170975266712,1.299941122476185,37.34762720927901,-3.5655233497464978,-3.095149382714562,-1.7120869056223602,-0.04346492836747055,0.26513330144815594,0.14130332829315018,-0.2820383061778378,-1.4429682473625451,-6.248453128884228,-2.894858543448092,-1.813505746097731,-2.234877152635158,-0.5929021889095756,0.0,0.0,0.0,-0.4452711345497815,-2.077346524785361,0.0,0.0,0.0,0.0,0.0,0.0,0.0,0.0,-0.36200629578630805,-0.40347830924524886,1.4525255317323718,5.5352346078500725,3.5137778252692065,-0.7380158946536497,-0.5620200146022742,-0.1813145318866463,0.016780831801440972,0.03395785758429115,-0.09705097261837056,0.20913342924282702,-0.11314477001768058,0.04826016099018604,0.30211181379887925,0.2912022508168883,0.17460464322119842,0.5101218819245069,0.17768548480341503,-1.2750073041207357,-0.24489202629184428,-0.04398226409242256,3.280177766967906,2.241567626608508,4.411575495705715,2.8041727953773044,2.466082957411478,0.852791935007966,2.629858214760712,3.8049661266655472,2.3685476277904955,52.177393690260246,0.6081502815838046,19.578521772455062,109.46239647374571,108.19761454246718,50.85113738421702,70.61350050454881,105.34846150132262,1.5393804002590055,51.56924340867644,0.0,3.030667283351945,50.79955320854695,89.28406321502194,18.42447128594193,45.41172180764046,33.86636880569796,1.5393804002590055
7RE8_on_7M8U,-607.6883756492269,-21.336061822430544,-8.060520669003173,-9.120276226104464,-5.7908636446309965,-2.9324153105093367,-6.5964006618344735,-5.117451141172076,-9.616356924395852,-4.771928390612262,-8.2524690745228,1.1084622752350026,1.3975195542120185,0.27997616572093154,0.6516301772046209,2.442409914863406,0.8578720316887364,3.3577255120355485,1.1021823618536262,1.8382343356766253,5.970045102015181,3.995468938287303,4.44682992170586,2.364434037229725,2.2582630138139805,0.8698731988599359,2.969810533291448,3.317165076956584,5.276254059227426,0.1533861275802341,0.0345220264897247,0.4291903663238455,0.2070620463090702,0.15566877667280282,0.0858275408774092,0.27347082063961214,0.33000152924602727,0.18830346475110446,-0.18227439840803153,0.34457311057882123,-0.1911078052327402,0.010144926984689578,-0.44058755190022075,-0.255171207583247,-0.24383462748555573,-0.44026537707310237,0.17888199823384623,4.761313082461359,0.8438631610223869,1.4149156530071376,2.1190087807931057,7.584870319632583,7.146273673212085,8.948565453247454,1.4073363930805314,22.270939599398076,-3.347162374800233,-2.9544201662345904,-1.0765396438222021,0.14253345637157774,-0.43225562822856967,0.056810978106381235,0.05574752589659994,-0.8755782239068615,-6.21773779135812,-2.975682732679262,-1.7143010829824128,-2.4543455621064694,0.0,-0.8687981920166173,0.0,0.0,0.0,-1.7188609312653074,0.0,0.0,0.0,0.0,0.0,0.0,0.0,0.0,-0.2869641764513095,-0.1768481979022034,-0.39443125510495464,-0.784778065918636,-0.8447530948300425,0.008135191566590594,0.4142154151356081,0.020545123266714496,0.0005702164628339987,-0.14756230661009534,0.008447799532533454,-0.041755408347375206,-0.11829201990484252,-0.06657020786534987,-0.0491425984486676,0.26524614659687645,-0.5674173144731918,-0.09919336838742175,-0.02422012208882909,-1.0888155140684885,-0.45999591322545574,0.036304383400684516,4.06313946276539,2.141924415164982,2.294798493533146,2.2738109223185523,2.7791553475186133,1.3415310597428651,2.620580150375342,4.197402558357379,0.6576395062605989,42.332961007122464,0.0,19.284918607175136,154.8547257341418,55.303666231527004,54.71529634813247,30.791098663683986,68.40895573380752,5.293195770353924,42.332961007122464,0.0,6.927211801165511,87.74468281476294,46.18141200776998,36.94512960621597,19.2422550032375,14.624113802460496,4.618141200777003
