pdbid,phi_1,psi_1,phi_2,psi_2,phi_3,psi_3,phi_4,psi_4,phi_5,psi_5,phi_6,psi_6,phi_7,psi_7,phi_8,psi_8
3SPV,0.0,123.8854009127144,-71.11945702642477,162.1488909251087,-111.22950475274128,137.3872099837918,-63.19157304694782,126.05276828224149,-90.64912644268043,155.25191812207666,-106.04102333141721,149.9436285058495,-66.88236850709819,128.55021875444163,-75.57136492952137,0.0
4XXC,0.0,154.66511838288278,-73.16599971798298,175.307977770184,-109.5424384011427,139.31846951429114,-80.5927785987156,110.10642740451463,-85.21325455496671,165.43737684709393,-102.63774360030799,149.1126194581746,-55.48453038100048,144.18754263391725,-81.3337237195903,0.0
4JQV,0.0,163.99679710864416,-78.54124528908665,173.02526988078824,-104.35521579668081,135.85967589894736,-78.9860578691393,110.6593013062803,-83.35186789400504,164.46892902473337,-102.25339309628008,150.7100659530993,-62.28375819084522,141.25062226165184,-79.462092056727,0.0
4F7T,0.0,119.90588133587104,-66.41049280417054,150.32433396605288,-100.16450539973154,-138.27591425426706,-161.91443469949056,162.09995843983145,-133.68448862890327,173.3090754131467,-121.81910982185364,163.46657007585947,-68.92736768271591,143.08531633987675,-62.428195510475625,0.0
4O2F,0.0,149.84433058926749,-80.72130132161895,133.1496794259628,-95.40719633763786,49.5871778787192,-117.30685634889798,125.15656238262973,-120.17954473770087,108.51937476880921,-147.62667941329218,111.6106081826012,-67.03176673536744,147.13986995647943,-68.3790273808342,0.0
1A1N,0.0,158.79538205515587,-73.41738051626646,168.04086180081717,-67.42493874699117,154.49529663265767,-65.43575032289033,141.01158358545396,-68.44108034086862,157.76450010654773,-157.72902963820155,158.1058236213544,-102.66953021869311,143.47686352259706,-87.29815789729042,0.0
1AGD,0.0,142.60480913842815,-73.2102714810445,168.42170842406864,-116.47939174830901,143.10346122352323,-73.58280394833889,130.17996945661534,-101.84629633820781,158.01017957655012,-118.21982402351246,146.7956782277075,-64.5836674086348,132.58652859963146,-79.12492633747901,0.0
1AGC,0.0,131.3379059526618,-71.24104198681157,162.6318538374776,-107.3499641264009,144.44691878723702,-74.85799272072772,125.05800775738507,-92.51067966849186,156.2063844653095,-114.28491119391131,147.37095477540777,-64.10635946470394,128.8636122993986,-75.21925008273071,0.0
1DUY,0.0,129.7619961860684,-63.928046619044466,139.5259234879115,-102.50591707781147,9.174250373768873,-119.58145841193173,140.9759797990427,-57.235011058636566,136.17855091816767,-140.13304414125665,120.69099917178457,-119.54876468043257,137.8445520497017,-78.52663188179909,0.0
5HGA,0.0,112.42413462480638,-61.07117955074967,141.44241687686286,-78.16472263178595,164.07454003058126,-93.30188181823077,157.3808489378201,-144.75714967219804,153.13091670046933,-123.71694827910267,151.78773485831098,-68.93797820244379,149.141329151283,-78.0209856630957,0.0
1AGB,0.0,137.0481633749828,-87.05717911547414,179.10698204374748,-133.37017190237123,149.5784416566807,-69.42471941692686,122.12799428829898,-85.15010614467774,165.33155961001813,-119.1761903175197,148.39350730630662,-71.7244355882534,135.36601676522653,-75.17225213172733,0.0
1AGF,0.0,143.62489563011283,-88.9260216769184,-176.55295445421905,-130.55396300901214,148.13237571415485,-76.14613704495343,122.9056439182067,-92.62833794999754,174.4073952642262,-107.73243974812051,150.83617217727777,-71.5929450213326,133.68220505546844,-70.21549873195583,0.0
1AGE,0.0,144.75952678743877,-71.56979324343638,169.32116733511705,-112.04580896417912,147.82967072883972,-75.6327085800558,127.57044452555061,-97.99044569666069,153.37591086040084,-110.3558053303065,145.46485063947134,-65.51674858896148,132.31758483129684,-77.73992461372316,0.0
4WU5,0.0,99.0554040148185,-59.28616565611934,134.02515301840515,-66.50165761637042,167.71319413195673,-87.74298646308257,146.0440870132666,-124.47487492331992,161.17047293368756,-133.5852379962707,155.68741911747824,-70.72478204016315,144.36794423691558,-80.33004255510103,0.0
1E28,0.0,-60.77508073791578,-160.1140715793356,144.83769074241607,-91.96308766104542,149.99490789337716,-97.57492497541404,85.91387229773431,-58.97287043629938,143.5367795222603,-85.15045411349182,150.19250730055234,-57.723420035832866,167.65925890633665,-62.66652255674804,0.0
7WJ2,0.0,115.21453215338146,-75.09559785945594,165.02648396396302,-138.64708976936964,139.00751035328912,-122.00638831935973,139.8455232649469,-131.6570067298313,-173.59133750280967,-74.10558838746238,157.2428845451939,-67.33152231523636,152.22737045719188,-77.73434904723035,0.0
7WT5,0.0,110.89279971012904,-81.2102995404483,155.07774293741704,-93.51635568952248,-152.4350036301408,-129.9159206179882,170.2551747742605,-130.62019666257635,167.89457662824964,-121.70515903444468,165.424458191802,-72.15374175255467,146.6711549716446,-67.30848684955436,0.0
5HGB,0.0,110.21114366390455,-49.883826309848445,139.90417814268747,-75.60206490938408,157.73061614755701,-80.31264477519878,155.46809626603948,-135.33209823106554,159.55622519008017,-134.2855439242352,153.39825188722165,-69.43339912501605,152.35752348466175,-90.24057209175062,0.0
7WT4,0.0,114.38763939298926,-66.6060866605831,147.1070700578911,-97.16568425304182,-137.50362870170866,-161.40408688887763,162.34500663454907,-132.0886079258185,167.21398330175347,-116.49706060419375,165.05956702421122,-70.95368048452916,145.9034589097879,-63.49259300146622,0.0
