pdbid,anchor_class,anchor_dist,anchor1,anchor2
1K5N,7,18.60527497781207,182,189
3MRE,7,18.22809186393354,182,189
4U1M,7,18.5011899347042,182,189
6MT3,7,18.05637208854536,182,189
6V2O,8,18.953508250453268,182,190
3D25,7,18.493051938498414,182,189
3MRG,7,18.712295316181816,182,189
3SPV,6,17.884986133626157,182,188
6V2P,8,19.03756205505316,182,190
6MT6,7,18.555504250760745,182,189
7KGQ,7,18.56541596625295,182,189
2BVP,7,18.722433201910484,182,189
6JOZ,7,19.138091179634397,182,189
6MTL,7,18.68561452026665,182,189
6TRN,8,19.419592220229546,182,190
5C0G,8,19.03591074784708,182,190
4U1J,7,17.94468503485085,182,189
6PYW,7,19.1173567472075,182,189
5N1Y,8,18.889567094033684,182,190
6P2C,6,18.19846397364349,183,189
7KGP,7,19.034120126761838,182,189
1I4F,8,18.811137365932982,182,190
3MRB,7,18.614289484157055,182,189
3MRK,7,18.24159842228745,182,189
4QRS,7,18.281571759561594,182,189
5WMQ,7,18.309121469912206,182,189
6J2A,7,19.150135717534745,182,189
6O53,8,18.646576978094398,182,190
6VB2,7,17.78245149016299,182,189
4XXC,6,17.598783963672034,182,188
5IB2,7,19.306178829587175,182,189
6PYJ,7,19.246948875081475,182,189
1X7Q,7,18.959081280484032,182,189
6PYV,7,19.20982542867061,182,189
7M8U,7,17.72708066772417,182,189
5C0F,8,18.75579827679963,182,190
6P2F,6,18.127302557192557,183,189
5C0E,8,18.729069624516857,182,190
4JQV,6,17.64056997378486,182,188
6O4Z,7,18.34503376938838,182,189
6Q3K,7,18.472073218780828,182,189
7M8T,7,19.187999035855718,182,189
6J1W,7,18.987738174938055,182,189
7JYV,7,19.384429731101203,182,189
6PYL,8,19.024014218876097,182,190
5C0I,8,18.902394927627558,182,190
6PZ5,7,19.229324195093287,182,189
5EU5,7,18.369352438232546,182,189
2GTW,8,18.04089975583258,181,189
1UXS,7,19.209966736046162,182,189
5NMH,7,18.65149476583579,182,189
6MT4,7,18.62119902154532,182,189
6MT5,7,18.68414325036072,182,189
6O51,8,18.589506583016128,182,190
7KGR,7,18.388165786722716,182,189
6O4Y,7,18.438565508195044,182,189
7KGS,7,18.80714941185931,182,189
4U1H,7,18.08593906879043,182,189
7CIQ,8,18.992098672869197,182,190
1M6O,7,18.931192117772188,182,189
2HN7,8,19.185532205284275,182,190
2V2W,7,18.236392982166183,182,189
2V2X,7,18.432322344186584,182,189
2VLL,7,18.11525735395443,182,189
3DX7,8,18.92188103757129,182,190
3GSO,7,18.563786844283683,182,189
3KPM,7,19.057869162107288,182,189
3MRR,8,18.709619718209133,182,190
3PWN,7,18.401797330695718,182,189
3VRI,8,18.73743656426887,182,190
4G8I,8,18.943889173028857,182,190
4G9D,8,18.947267982482327,182,190
4LCY,7,18.07331784703628,182,189
5DEF,7,19.106332981501186,182,189
5WMP,8,18.436046783407768,182,190
6J29,7,18.7498275725405,182,189
6EI2,7,19.03175076024274,182,189
5WMO,7,17.734731912267524,182,189
3V5H,7,18.20799934094902,182,189
5C0J,8,18.75108538191856,182,190
5VWH,7,18.93879238494366,182,189
3KLA,7,18.568812051394133,182,189
3PWL,7,18.636578387676213,182,189
3WL9,8,19.597296471707516,182,190
5NMK,7,18.81217233601691,182,189
3UTQ,8,18.480601965304054,182,190
7P3D,7,18.10997297071423,182,189
3QFD,7,18.70914869789644,182,189
5C0D,8,18.600471338113987,182,190
5T6X,7,18.70536965686591,183,190
7MJA,7,19.752685159238467,182,189
5TXS,7,17.854838979951623,182,189
5XOS,7,17.49996825711407,182,189
1N2R,7,18.943705392557185,182,189
1SYV,7,18.813055280841546,182,189
2GIT,7,18.211120942984262,182,189
3KYO,7,19.020269135845584,182,189
3L3I,7,18.947016915599143,182,189
3OXR,8,19.30688022441741,182,190
3PWJ,7,18.57023753213728,182,189
4F7T,6,19.415904537260168,182,188
5E00,7,18.491453755721857,182,189
5EO0,7,17.995808123004647,182,189
6JTO,8,18.41451025685994,182,190
3DX6,8,18.885857724763255,182,190
1UXW,7,18.666185282483404,182,189
5N6B,7,18.688304390714528,182,189
7EJM,7,18.91981408471024,182,189
3D18,7,18.453325472662105,182,189
5W6A,7,18.350386753417485,182,189
2CIK,7,18.131163917410266,182,189
2GT9,8,18.613711720127185,182,190
3OXS,8,19.41635055822798,182,190
6VB1,7,17.769107152583665,182,189
7MJ9,7,18.647051268230058,182,189
4U1S,7,18.608092486872483,182,189
4I4W,7,18.511862629135944,182,189
4U1N,7,18.543247989497416,182,189
5MEO,7,18.443332697752865,182,189
6OPD,7,18.497007136290996,182,189
6UZM,7,18.052074312942544,182,189
1DUZ,7,18.46562712176329,182,189
1I7U,7,18.242785806997787,182,189
1TVB,7,18.57124543481131,182,189
2AXF,8,18.16301626933148,182,190
3BO8,7,19.256940021716844,182,189
3BP7,7,19.36008866198706,182,189
3FQT,7,18.48848725558692,182,189
3GSU,7,18.669296773044238,182,189
3L3D,7,18.80346566460555,182,189
3LKO,7,18.165208421595388,182,189
3LKP,7,18.33230179219184,182,189
3LKQ,7,18.13363146201003,182,189
3MRC,7,18.63279823322305,182,189
3X12,7,18.59162061252327,182,189
5GRD,8,19.337635300108435,182,190
5IEK,7,18.34866635480628,182,189
5VUE,7,18.839176308957885,182,189
5VWD,7,18.865066048121857,182,189
5VWF,7,19.04974251794496,182,189
1TVH,7,18.520622991681464,182,189
4HX1,7,18.712266858935077,182,189
4O2C,7,17.770373659549204,182,189
3GSW,7,18.151955404308374,182,189
5WMN,7,18.510006212856872,182,189
3KPQ,7,19.050280549115282,182,189
4NT6,7,17.971481714093585,182,189
1JF1,8,18.67482396168703,182,190
3BP4,7,19.476459483181227,182,189
5ENW,7,18.212796188394577,182,189
5EO1,7,17.961779588893744,182,189
5FA3,7,18.07240938558,182,189
3BXN,7,19.151052268739697,182,189
3C9N,7,18.11668153939898,182,189
3MRJ,7,18.90051017829942,182,189
7S8S,8,18.516443016951175,182,190
3H7B,7,18.536725223188697,182,189
5MER,7,18.422107317025375,182,189
6D29,8,19.27193228506161,182,190
6ULI,7,18.5914097636516,182,189
3MYJ,7,18.356732034869385,182,189
7EJL,7,19.07013450398292,182,189
1JGD,8,20.44921323669935,182,190
1T1Z,7,18.325618789006832,182,189
1YDP,7,18.50205337253139,182,189
3FT4,7,18.21497606366805,182,189
3GSV,7,18.711586464006732,182,189
3KPP,7,19.133851494145137,182,189
3LKS,7,18.108750205356525,182,189
3MRM,8,18.843002016663906,182,190
3REW,7,18.559663170434963,182,189
3VRJ,8,18.849155949272635,182,190
4JFQ,8,18.58288268810843,182,190
4NNY,7,19.305923495134856,182,189
5HHP,7,18.18048494952761,182,189
5T6W,7,19.02369196554654,183,190
5VUF,7,18.620107276812345,182,189
6D2T,7,18.879507329377006,182,189
6JTN,8,18.267851269374837,182,190
6UJ7,8,18.48223465926131,182,190
6UZS,7,18.06415370284476,182,189
6VB0,7,17.75408564246551,182,189
7LFZ,7,18.394522771738334,182,189
4O2F,7,17.75872889595424,181,188
6PTE,7,18.15852926313142,182,189
4JFP,8,18.62801044126828,182,190
4U1I,7,18.37948652710407,182,189
3FQW,7,18.910694249550968,182,189
3MR9,7,18.708987278845427,182,189
3LV3,7,18.838587977871377,182,189
2AV1,7,18.183426574768575,182,189
3GSR,7,18.622034851218594,182,189
3VXN,8,19.227650870556182,182,190
7MJ6,7,18.244005974566,182,189
3KPL,7,19.06834932551845,182,189
7L1C,7,18.681554137704925,182,189
5EU3,7,18.380076985692963,182,189
7LGT,7,18.088787024010205,182,189
3UPR,7,18.765217984345398,182,189
1A1N,6,17.418246008137558,182,188
1T1Y,7,18.558317407566882,182,189
2AXG,8,18.066338007465706,182,190
2BSS,8,19.03123225122325,182,190
2CLR,7,17.97459612898159,182,189
3GIV,7,18.46903259513069,182,189
3H9H,7,18.293762024252967,182,189
3HPJ,7,18.42176723335739,182,189
3KPN,7,19.07414325729992,182,189
3LKN,7,18.264331413988305,182,189
3LKR,7,18.21325124737481,182,189
3RL1,7,18.331213707771777,182,189
3WLB,8,19.65160993404866,182,190
3X14,7,18.47905457538345,182,189
4K7F,7,18.3963868463348,182,189
4NQX,7,19.148914225093804,182,189
5SWQ,7,18.510506908239982,182,189
5U98,7,18.833358410012806,182,189
5VUD,7,18.830587935590327,182,189
5VVP,7,19.007194979796466,182,189
5VWJ,7,18.701546754212604,182,189
5WSH,7,18.189987410660844,182,189
6J1V,7,18.718217383073632,182,189
6VB3,7,17.94615176019639,182,189
7P3E,7,18.120564174440045,182,189
5V5L,7,18.787212938592038,183,190
6Z9V,7,18.65698212466314,182,189
5HHN,7,18.424638802429747,182,189
7L1B,7,19.00629043238054,182,189
1AGD,6,17.89553757225527,182,188
2AV7,7,18.14781325669845,182,189
4U1L,7,18.49173147652756,182,189
5HGD,8,19.19349861281158,182,190
6UZP,7,17.979555723098386,182,189
7S8Q,8,19.066588446809256,182,190
4U1K,7,18.410241606236458,182,189
1AGC,6,17.76350387733231,182,188
1HSA,7,18.99823423373867,182,189
1JGE,7,18.75024325175543,182,189
2BST,7,18.709365301901613,182,189
2X4U,7,18.534669136512797,182,189
3DX8,8,18.95345870810919,182,190
3GSX,7,18.52204505447495,182,189
3IXA,7,18.31356256985516,182,189
3L3G,7,18.923930088647015,182,189
3MRI,7,19.04011008371538,182,189
3MRP,8,18.85994247075001,182,190
5HHQ,7,18.306350209694997,182,189
6GH1,7,18.273055272723276,182,189
6VB7,7,18.189322912082243,182,189
4NO5,7,18.0074849160009,182,189
1W0W,7,18.93805589283124,182,189
4JFO,8,18.434042665677,182,190
6SSA,7,18.552862447611687,182,189
7EJN,7,19.424901544152032,182,189
3GSQ,7,18.547386365738973,182,189
5EU4,7,18.6468331895794,182,189
5IND,7,18.673424806392642,182,189
1DUY,7,17.944503420267726,181,188
1JHT,7,18.82996986189835,182,189
3X11,7,18.55735730108142,182,189
6PTB,7,18.16716496870109,182,189
7KGO,7,18.647166219026424,182,189
3OX8,8,19.403795350394727,182,190
6GH4,7,18.298520022122005,182,189
6XQA,7,19.58240613407862,182,189
3MGT,8,18.556263201409923,182,190
5HGA,6,18.43927872775939,182,188
1AGB,6,18.217355186744314,182,188
1AGF,6,17.83927243471549,182,188
1E27,7,18.708983884754407,182,189
1I1Y,7,18.650064584338576,182,189
1I7R,7,18.69950822882784,182,189
1OF2,7,19.07391729561602,182,189
1QEW,7,18.330405996594838,182,189
1S8D,7,18.50817262724767,182,189
1S9W,7,18.097447389065675,182,189
1T1X,7,18.591624189403145,182,189
6O9B,7,18.75354190546415,182,189
7MLE,7,18.286696612565102,182,189
3I6G,7,18.397375274750473,182,189
1QVO,8,18.916200728476106,182,190
6SS8,7,18.80676497965559,182,189
1EEY,7,18.394534650270444,182,189
6UJ8,8,18.545153868329052,182,190
6UJO,7,18.178376192608624,182,189
1W0V,7,19.148166909654822,182,189
5MEQ,7,18.18799131295152,182,189
3MGO,8,18.681602447327688,182,190
1A1M,7,18.5570941960211,182,189
1A1O,7,19.06499268292542,182,189
1AGE,6,17.80497624261263,182,188
1EEZ,7,18.15033936321853,182,189
1S9Y,7,18.051717092841887,182,189
1XR8,7,17.95276805955003,182,189
2BSR,7,18.592405815278447,182,189
2X4O,7,18.1265337282118,182,189
3KPO,7,19.20963890863126,182,189
3MRF,7,18.413405904394768,182,189
3MRN,8,18.69772470115014,182,190
5F7D,7,18.49251702716534,182,189
7LG0,7,18.135182519070497,182,189
7LG3,7,17.89424424221375,182,189
3V5K,7,18.141467470962763,182,189
6IEX,8,18.686188295101815,182,190
5VGD,7,18.2795813956447,182,189
6VB4,7,18.112793765733656,182,189
4GKS,8,18.631542636078205,182,190
6UZO,7,18.29772428473006,182,189
3MRO,8,18.822083970697825,182,190
7M8S,8,19.594687902592373,182,190
6VR1,7,18.33479680825506,182,189
6VR5,7,18.159311743565613,182,189
3RL2,8,18.877839336110473,182,190
4NQV,7,19.451659826349015,182,189
6UZQ,7,17.701774430830373,182,189
4HWZ,7,18.771455697414627,182,189
1Q94,7,18.81968697933098,182,189
1SYS,7,18.91634885489269,182,189
3I6L,7,18.959473357664763,182,189
3KYN,7,18.622619418331027,182,189
3L3J,7,18.81117037826196,182,189
3MRH,7,18.290794624619238,182,189
4F7M,8,19.8168272435322,182,190
4WU5,6,18.675639881942466,182,188
3MRL,7,18.99632822415953,182,189
6G3J,8,18.728746167322573,182,190
6O9C,7,18.740512372931537,182,189
6AMT,8,19.651957917724125,182,190
1A9E,7,17.83367385033157,182,189
1B0G,7,18.21207107936931,182,189
1S9X,7,18.152614935595366,182,189
2DYP,7,18.886552385229024,182,189
2RFX,7,18.633365396513856,182,189
3BZE,7,18.680307652712788,182,189
3BZF,7,18.661804200023106,182,189
3VXP,8,19.158424361100266,182,190
6SS7,7,18.542621875020803,182,189
5IM7,7,18.651886392534138,182,189
5F9J,7,18.294528498980235,182,189
6GHN,7,18.939501603790948,182,189
2X4S,7,18.5244045788252,182,189
3BVN,7,18.097302257518937,182,189
6UJQ,7,18.17942842885881,182,189
5VZ5,8,17.24092984731392,182,190
1HHG,7,18.77464694741288,182,189
2XPG,7,18.543240924930032,182,189
3L3K,7,18.736221817645095,182,189
3TO2,7,19.03721200701405,182,189
5VGE,7,18.30115805079012,182,189
6GL1,7,18.036916199838597,182,189
4L3C,7,18.00812933094384,182,189
1CG9,7,17.674608142756657,182,189
1QQD,7,18.46711580079575,182,189
5FDW,8,18.49942988310721,182,190
6SS9,7,18.478871745861543,182,189
6Z9W,7,19.66496420032338,182,189
5MEP,7,18.53115754614374,182,189
6GGM,7,18.78225412457195,182,189
7JYU,8,19.77493286967114,182,190
4GKN,8,19.12786958863951,182,190
4I48,7,19.668606915590132,182,189
1I1F,7,18.451300252285744,182,189
1I7T,7,18.092796273655434,182,189
1KPR,7,18.42331959772722,182,189
2BCK,7,19.990411801661317,182,189
3AM8,7,18.772991370583433,182,189
3I6K,8,18.900790724199876,182,190
5W69,7,18.3187542152844,182,189
7EU2,7,19.088446217542167,182,189
7N1B,7,18.582001130125892,182,189
1MHE,7,18.654110056499615,182,189
5WJN,8,19.11678804088177,182,190
6VMC,7,19.30381384597355,182,189
5V5M,7,18.737947859891168,183,190
5INC,7,18.74763987812866,182,189
6G3K,8,18.83533148102257,182,190
7F4W,7,19.715962111953857,182,189
7JYW,7,19.636939934725063,182,189
7S8R,7,18.599351628484257,182,189
6AT9,8,19.55276105822398,182,190
1E28,6,17.987855625393482,182,188
1HHH,8,19.72622746497667,182,190
5V5L-9,7,18.826384490921242,182,189
5F7D-9,7,18.49251702716534,182,189
6EI2-9,7,18.98782372995916,182,189
5V5M-9,7,18.756702775274764,182,189
4QRU,7,18.320700996413866,182,189
3SKO,7,18.576294652055882,182,189
3GIV-9,7,18.46903259513069,182,189
2CLR-9,7,17.97459612898159,182,189
4QRT,7,18.27771632343603,182,189
5T6W-9,7,19.043157537551384,182,189
5T6X-9,7,18.717029465168885,182,189
